"state_code.x","state","uf","mesorregiao_code","mesorregiao","microrregiao_code","microrregiao","RM","municipio_code","municipio","city_without_symbol","city","year","month","number_deaths"
27,"AL","Alagoas","03","Leste Alagoano","011","Maceió","RM Maceio",2704302,"Maceió","maceio","Maceio",2019,1,481
27,"AL","Alagoas","03","Leste Alagoano","011","Maceió","RM Maceio",2704302,"Maceió","maceio","Maceio",2019,2,466
27,"AL","Alagoas","03","Leste Alagoano","011","Maceió","RM Maceio",2704302,"Maceió","maceio","Maceio",2019,3,584
27,"AL","Alagoas","03","Leste Alagoano","011","Maceió","RM Maceio",2704302,"Maceió","maceio","Maceio",2019,4,435
27,"AL","Alagoas","03","Leste Alagoano","011","Maceió","RM Maceio",2704302,"Maceió","maceio","Maceio",2019,5,656
27,"AL","Alagoas","03","Leste Alagoano","011","Maceió","RM Maceio",2704302,"Maceió","maceio","Maceio",2019,6,489
27,"AL","Alagoas","03","Leste Alagoano","011","Maceió","RM Maceio",2704302,"Maceió","maceio","Maceio",2019,7,527
27,"AL","Alagoas","03","Leste Alagoano","011","Maceió","RM Maceio",2704302,"Maceió","maceio","Maceio",2019,8,535
27,"AL","Alagoas","03","Leste Alagoano","011","Maceió","RM Maceio",2704302,"Maceió","maceio","Maceio",2019,9,517
27,"AL","Alagoas","03","Leste Alagoano","011","Maceió","RM Maceio",2704302,"Maceió","maceio","Maceio",2019,10,544
27,"AL","Alagoas","03","Leste Alagoano","011","Maceió","RM Maceio",2704302,"Maceió","maceio","Maceio",2019,11,520
27,"AL","Alagoas","03","Leste Alagoano","011","Maceió","RM Maceio",2704302,"Maceió","maceio","Maceio",2019,12,551
27,"AL","Alagoas","03","Leste Alagoano","011","Maceió","RM Maceio",2704302,"Maceió","maceio","Maceio",2020,1,580
27,"AL","Alagoas","03","Leste Alagoano","011","Maceió","RM Maceio",2704302,"Maceió","maceio","Maceio",2020,2,548
27,"AL","Alagoas","03","Leste Alagoano","011","Maceió","RM Maceio",2704302,"Maceió","maceio","Maceio",2020,3,536
27,"AL","Alagoas","03","Leste Alagoano","011","Maceió","RM Maceio",2704302,"Maceió","maceio","Maceio",2020,4,612
27,"AL","Alagoas","03","Leste Alagoano","011","Maceió","RM Maceio",2704302,"Maceió","maceio","Maceio",2020,5,724
13,"AM","Amazonas","03","Centro Amazonense","007","Manaus","RM Manaus",1302603,"Manaus","manaus","Manaus",2019,1,1013
13,"AM","Amazonas","03","Centro Amazonense","007","Manaus","RM Manaus",1302603,"Manaus","manaus","Manaus",2019,2,1016
13,"AM","Amazonas","03","Centro Amazonense","007","Manaus","RM Manaus",1302603,"Manaus","manaus","Manaus",2019,3,1056
13,"AM","Amazonas","03","Centro Amazonense","007","Manaus","RM Manaus",1302603,"Manaus","manaus","Manaus",2019,4,1025
13,"AM","Amazonas","03","Centro Amazonense","007","Manaus","RM Manaus",1302603,"Manaus","manaus","Manaus",2019,5,1025
13,"AM","Amazonas","03","Centro Amazonense","007","Manaus","RM Manaus",1302603,"Manaus","manaus","Manaus",2019,6,965
13,"AM","Amazonas","03","Centro Amazonense","007","Manaus","RM Manaus",1302603,"Manaus","manaus","Manaus",2019,7,1062
13,"AM","Amazonas","03","Centro Amazonense","007","Manaus","RM Manaus",1302603,"Manaus","manaus","Manaus",2019,8,1067
13,"AM","Amazonas","03","Centro Amazonense","007","Manaus","RM Manaus",1302603,"Manaus","manaus","Manaus",2019,9,995
13,"AM","Amazonas","03","Centro Amazonense","007","Manaus","RM Manaus",1302603,"Manaus","manaus","Manaus",2019,10,1053
13,"AM","Amazonas","03","Centro Amazonense","007","Manaus","RM Manaus",1302603,"Manaus","manaus","Manaus",2019,11,919
13,"AM","Amazonas","03","Centro Amazonense","007","Manaus","RM Manaus",1302603,"Manaus","manaus","Manaus",2019,12,1024
13,"AM","Amazonas","03","Centro Amazonense","007","Manaus","RM Manaus",1302603,"Manaus","manaus","Manaus",2020,1,1121
13,"AM","Amazonas","03","Centro Amazonense","007","Manaus","RM Manaus",1302603,"Manaus","manaus","Manaus",2020,2,975
13,"AM","Amazonas","03","Centro Amazonense","007","Manaus","RM Manaus",1302603,"Manaus","manaus","Manaus",2020,3,1047
13,"AM","Amazonas","03","Centro Amazonense","007","Manaus","RM Manaus",1302603,"Manaus","manaus","Manaus",2020,4,2656
13,"AM","Amazonas","03","Centro Amazonense","007","Manaus","RM Manaus",1302603,"Manaus","manaus","Manaus",2020,5,1765
29,"BA","Bahia","05","Metropolitana de Salvador","021","Salvador","RM Salvador",2927408,"Salvador","salvador","Salvador",2019,1,1146
29,"BA","Bahia","05","Metropolitana de Salvador","021","Salvador","RM Salvador",2927408,"Salvador","salvador","Salvador",2019,2,1100
29,"BA","Bahia","05","Metropolitana de Salvador","021","Salvador","RM Salvador",2927408,"Salvador","salvador","Salvador",2019,3,1084
29,"BA","Bahia","05","Metropolitana de Salvador","021","Salvador","RM Salvador",2927408,"Salvador","salvador","Salvador",2019,4,1065
29,"BA","Bahia","05","Metropolitana de Salvador","021","Salvador","RM Salvador",2927408,"Salvador","salvador","Salvador",2019,5,1250
29,"BA","Bahia","05","Metropolitana de Salvador","021","Salvador","RM Salvador",2927408,"Salvador","salvador","Salvador",2019,6,1109
29,"BA","Bahia","05","Metropolitana de Salvador","021","Salvador","RM Salvador",2927408,"Salvador","salvador","Salvador",2019,7,1262
29,"BA","Bahia","05","Metropolitana de Salvador","021","Salvador","RM Salvador",2927408,"Salvador","salvador","Salvador",2019,8,1245
29,"BA","Bahia","05","Metropolitana de Salvador","021","Salvador","RM Salvador",2927408,"Salvador","salvador","Salvador",2019,9,1206
29,"BA","Bahia","05","Metropolitana de Salvador","021","Salvador","RM Salvador",2927408,"Salvador","salvador","Salvador",2019,10,1246
29,"BA","Bahia","05","Metropolitana de Salvador","021","Salvador","RM Salvador",2927408,"Salvador","salvador","Salvador",2019,11,1132
29,"BA","Bahia","05","Metropolitana de Salvador","021","Salvador","RM Salvador",2927408,"Salvador","salvador","Salvador",2019,12,1178
29,"BA","Bahia","05","Metropolitana de Salvador","021","Salvador","RM Salvador",2927408,"Salvador","salvador","Salvador",2020,1,1206
29,"BA","Bahia","05","Metropolitana de Salvador","021","Salvador","RM Salvador",2927408,"Salvador","salvador","Salvador",2020,2,887
29,"BA","Bahia","05","Metropolitana de Salvador","021","Salvador","RM Salvador",2927408,"Salvador","salvador","Salvador",2020,3,1079
29,"BA","Bahia","05","Metropolitana de Salvador","021","Salvador","RM Salvador",2927408,"Salvador","salvador","Salvador",2020,4,1290
29,"BA","Bahia","05","Metropolitana de Salvador","021","Salvador","RM Salvador",2927408,"Salvador","salvador","Salvador",2020,5,955
23,"CE","Ceará","03","Metropolitana de Fortaleza","016","Fortaleza","RM Fortaleza",2304400,"Fortaleza","fortaleza","Fortaleza",2019,1,1617
23,"CE","Ceará","03","Metropolitana de Fortaleza","016","Fortaleza","RM Fortaleza",2304400,"Fortaleza","fortaleza","Fortaleza",2019,2,1427
23,"CE","Ceará","03","Metropolitana de Fortaleza","016","Fortaleza","RM Fortaleza",2304400,"Fortaleza","fortaleza","Fortaleza",2019,3,1694
23,"CE","Ceará","03","Metropolitana de Fortaleza","016","Fortaleza","RM Fortaleza",2304400,"Fortaleza","fortaleza","Fortaleza",2019,4,1813
23,"CE","Ceará","03","Metropolitana de Fortaleza","016","Fortaleza","RM Fortaleza",2304400,"Fortaleza","fortaleza","Fortaleza",2019,5,1690
23,"CE","Ceará","03","Metropolitana de Fortaleza","016","Fortaleza","RM Fortaleza",2304400,"Fortaleza","fortaleza","Fortaleza",2019,6,1458
23,"CE","Ceará","03","Metropolitana de Fortaleza","016","Fortaleza","RM Fortaleza",2304400,"Fortaleza","fortaleza","Fortaleza",2019,7,1520
23,"CE","Ceará","03","Metropolitana de Fortaleza","016","Fortaleza","RM Fortaleza",2304400,"Fortaleza","fortaleza","Fortaleza",2019,8,1234
23,"CE","Ceará","03","Metropolitana de Fortaleza","016","Fortaleza","RM Fortaleza",2304400,"Fortaleza","fortaleza","Fortaleza",2019,9,1333
23,"CE","Ceará","03","Metropolitana de Fortaleza","016","Fortaleza","RM Fortaleza",2304400,"Fortaleza","fortaleza","Fortaleza",2019,10,1469
23,"CE","Ceará","03","Metropolitana de Fortaleza","016","Fortaleza","RM Fortaleza",2304400,"Fortaleza","fortaleza","Fortaleza",2019,11,1525
23,"CE","Ceará","03","Metropolitana de Fortaleza","016","Fortaleza","RM Fortaleza",2304400,"Fortaleza","fortaleza","Fortaleza",2019,12,1493
23,"CE","Ceará","03","Metropolitana de Fortaleza","016","Fortaleza","RM Fortaleza",2304400,"Fortaleza","fortaleza","Fortaleza",2020,1,1569
23,"CE","Ceará","03","Metropolitana de Fortaleza","016","Fortaleza","RM Fortaleza",2304400,"Fortaleza","fortaleza","Fortaleza",2020,2,1473
23,"CE","Ceará","03","Metropolitana de Fortaleza","016","Fortaleza","RM Fortaleza",2304400,"Fortaleza","fortaleza","Fortaleza",2020,3,1693
23,"CE","Ceará","03","Metropolitana de Fortaleza","016","Fortaleza","RM Fortaleza",2304400,"Fortaleza","fortaleza","Fortaleza",2020,4,2187
23,"CE","Ceará","03","Metropolitana de Fortaleza","016","Fortaleza","RM Fortaleza",2304400,"Fortaleza","fortaleza","Fortaleza",2020,5,3077
32,"ES","Espírito Santo","03","Central Espírito-santense","009","Vitória","RM Vitória",3205309,"Vitória","vitoria","Vitória",2019,1,205
32,"ES","Espírito Santo","03","Central Espírito-santense","009","Vitória","RM Vitória",3205309,"Vitória","vitoria","Vitória",2019,2,182
32,"ES","Espírito Santo","03","Central Espírito-santense","009","Vitória","RM Vitória",3205309,"Vitória","vitoria","Vitória",2019,3,210
32,"ES","Espírito Santo","03","Central Espírito-santense","009","Vitória","RM Vitória",3205309,"Vitória","vitoria","Vitória",2019,4,202
32,"ES","Espírito Santo","03","Central Espírito-santense","009","Vitória","RM Vitória",3205309,"Vitória","vitoria","Vitória",2019,5,247
32,"ES","Espírito Santo","03","Central Espírito-santense","009","Vitória","RM Vitória",3205309,"Vitória","vitoria","Vitória",2019,6,222
32,"ES","Espírito Santo","03","Central Espírito-santense","009","Vitória","RM Vitória",3205309,"Vitória","vitoria","Vitória",2019,7,236
32,"ES","Espírito Santo","03","Central Espírito-santense","009","Vitória","RM Vitória",3205309,"Vitória","vitoria","Vitória",2019,8,211
32,"ES","Espírito Santo","03","Central Espírito-santense","009","Vitória","RM Vitória",3205309,"Vitória","vitoria","Vitória",2019,9,216
32,"ES","Espírito Santo","03","Central Espírito-santense","009","Vitória","RM Vitória",3205309,"Vitória","vitoria","Vitória",2019,10,199
32,"ES","Espírito Santo","03","Central Espírito-santense","009","Vitória","RM Vitória",3205309,"Vitória","vitoria","Vitória",2019,11,196
32,"ES","Espírito Santo","03","Central Espírito-santense","009","Vitória","RM Vitória",3205309,"Vitória","vitoria","Vitória",2019,12,234
32,"ES","Espírito Santo","03","Central Espírito-santense","009","Vitória","RM Vitória",3205309,"Vitória","vitoria","Vitória",2020,1,227
32,"ES","Espírito Santo","03","Central Espírito-santense","009","Vitória","RM Vitória",3205309,"Vitória","vitoria","Vitória",2020,2,187
32,"ES","Espírito Santo","03","Central Espírito-santense","009","Vitória","RM Vitória",3205309,"Vitória","vitoria","Vitória",2020,3,228
32,"ES","Espírito Santo","03","Central Espírito-santense","009","Vitória","RM Vitória",3205309,"Vitória","vitoria","Vitória",2020,4,219
32,"ES","Espírito Santo","03","Central Espírito-santense","009","Vitória","RM Vitória",3205309,"Vitória","vitoria","Vitória",2020,5,201
52,"GO","Goiás","03","Centro Goiano","010","Goiânia","RM Goiania",5208707,"Goiânia","goiania","Goiânia",2019,1,881
52,"GO","Goiás","03","Centro Goiano","010","Goiânia","RM Goiania",5208707,"Goiânia","goiania","Goiânia",2019,2,740
52,"GO","Goiás","03","Centro Goiano","010","Goiânia","RM Goiania",5208707,"Goiânia","goiania","Goiânia",2019,3,899
52,"GO","Goiás","03","Centro Goiano","010","Goiânia","RM Goiania",5208707,"Goiânia","goiania","Goiânia",2019,4,859
52,"GO","Goiás","03","Centro Goiano","010","Goiânia","RM Goiania",5208707,"Goiânia","goiania","Goiânia",2019,5,928
52,"GO","Goiás","03","Centro Goiano","010","Goiânia","RM Goiania",5208707,"Goiânia","goiania","Goiânia",2019,6,850
52,"GO","Goiás","03","Centro Goiano","010","Goiânia","RM Goiania",5208707,"Goiânia","goiania","Goiânia",2019,7,986
52,"GO","Goiás","03","Centro Goiano","010","Goiânia","RM Goiania",5208707,"Goiânia","goiania","Goiânia",2019,8,792
52,"GO","Goiás","03","Centro Goiano","010","Goiânia","RM Goiania",5208707,"Goiânia","goiania","Goiânia",2019,9,833
52,"GO","Goiás","03","Centro Goiano","010","Goiânia","RM Goiania",5208707,"Goiânia","goiania","Goiânia",2019,10,897
52,"GO","Goiás","03","Centro Goiano","010","Goiânia","RM Goiania",5208707,"Goiânia","goiania","Goiânia",2019,11,884
52,"GO","Goiás","03","Centro Goiano","010","Goiânia","RM Goiania",5208707,"Goiânia","goiania","Goiânia",2019,12,858
52,"GO","Goiás","03","Centro Goiano","010","Goiânia","RM Goiania",5208707,"Goiânia","goiania","Goiânia",2020,1,908
52,"GO","Goiás","03","Centro Goiano","010","Goiânia","RM Goiania",5208707,"Goiânia","goiania","Goiânia",2020,2,777
52,"GO","Goiás","03","Centro Goiano","010","Goiânia","RM Goiania",5208707,"Goiânia","goiania","Goiânia",2020,3,795
52,"GO","Goiás","03","Centro Goiano","010","Goiânia","RM Goiania",5208707,"Goiânia","goiania","Goiânia",2020,4,821
52,"GO","Goiás","03","Centro Goiano","010","Goiânia","RM Goiania",5208707,"Goiânia","goiania","Goiânia",2020,5,545
21,"MA","Maranhão","01","Norte Maranhense","002","Aglomeração Urbana de São Luís","RM São Luís",2111300,"São Luís","sao luis","São Luís",2019,1,551
21,"MA","Maranhão","01","Norte Maranhense","002","Aglomeração Urbana de São Luís","RM São Luís",2111300,"São Luís","sao luis","São Luís",2019,2,481
21,"MA","Maranhão","01","Norte Maranhense","002","Aglomeração Urbana de São Luís","RM São Luís",2111300,"São Luís","sao luis","São Luís",2019,3,529
21,"MA","Maranhão","01","Norte Maranhense","002","Aglomeração Urbana de São Luís","RM São Luís",2111300,"São Luís","sao luis","São Luís",2019,4,524
21,"MA","Maranhão","01","Norte Maranhense","002","Aglomeração Urbana de São Luís","RM São Luís",2111300,"São Luís","sao luis","São Luís",2019,5,604
21,"MA","Maranhão","01","Norte Maranhense","002","Aglomeração Urbana de São Luís","RM São Luís",2111300,"São Luís","sao luis","São Luís",2019,6,413
21,"MA","Maranhão","01","Norte Maranhense","002","Aglomeração Urbana de São Luís","RM São Luís",2111300,"São Luís","sao luis","São Luís",2019,7,334
21,"MA","Maranhão","01","Norte Maranhense","002","Aglomeração Urbana de São Luís","RM São Luís",2111300,"São Luís","sao luis","São Luís",2019,8,183
21,"MA","Maranhão","01","Norte Maranhense","002","Aglomeração Urbana de São Luís","RM São Luís",2111300,"São Luís","sao luis","São Luís",2019,9,180
21,"MA","Maranhão","01","Norte Maranhense","002","Aglomeração Urbana de São Luís","RM São Luís",2111300,"São Luís","sao luis","São Luís",2019,10,279
21,"MA","Maranhão","01","Norte Maranhense","002","Aglomeração Urbana de São Luís","RM São Luís",2111300,"São Luís","sao luis","São Luís",2019,11,295
21,"MA","Maranhão","01","Norte Maranhense","002","Aglomeração Urbana de São Luís","RM São Luís",2111300,"São Luís","sao luis","São Luís",2019,12,354
21,"MA","Maranhão","01","Norte Maranhense","002","Aglomeração Urbana de São Luís","RM São Luís",2111300,"São Luís","sao luis","São Luís",2020,1,542
21,"MA","Maranhão","01","Norte Maranhense","002","Aglomeração Urbana de São Luís","RM São Luís",2111300,"São Luís","sao luis","São Luís",2020,2,465
21,"MA","Maranhão","01","Norte Maranhense","002","Aglomeração Urbana de São Luís","RM São Luís",2111300,"São Luís","sao luis","São Luís",2020,3,415
21,"MA","Maranhão","01","Norte Maranhense","002","Aglomeração Urbana de São Luís","RM São Luís",2111300,"São Luís","sao luis","São Luís",2020,4,853
21,"MA","Maranhão","01","Norte Maranhense","002","Aglomeração Urbana de São Luís","RM São Luís",2111300,"São Luís","sao luis","São Luís",2020,5,825
31,"MG","Minas Gerais","07","Metropolitana de Belo Horizonte","030","Belo Horizonte","RM BH",3106200,"Belo Horizonte","belo horizonte","Belo Horizonte",2019,1,1131
31,"MG","Minas Gerais","07","Metropolitana de Belo Horizonte","030","Belo Horizonte","RM BH",3106200,"Belo Horizonte","belo horizonte","Belo Horizonte",2019,2,977
31,"MG","Minas Gerais","07","Metropolitana de Belo Horizonte","030","Belo Horizonte","RM BH",3106200,"Belo Horizonte","belo horizonte","Belo Horizonte",2019,3,1128
31,"MG","Minas Gerais","07","Metropolitana de Belo Horizonte","030","Belo Horizonte","RM BH",3106200,"Belo Horizonte","belo horizonte","Belo Horizonte",2019,4,1070
31,"MG","Minas Gerais","07","Metropolitana de Belo Horizonte","030","Belo Horizonte","RM BH",3106200,"Belo Horizonte","belo horizonte","Belo Horizonte",2019,5,1222
31,"MG","Minas Gerais","07","Metropolitana de Belo Horizonte","030","Belo Horizonte","RM BH",3106200,"Belo Horizonte","belo horizonte","Belo Horizonte",2019,6,1222
31,"MG","Minas Gerais","07","Metropolitana de Belo Horizonte","030","Belo Horizonte","RM BH",3106200,"Belo Horizonte","belo horizonte","Belo Horizonte",2019,7,769
31,"MG","Minas Gerais","07","Metropolitana de Belo Horizonte","030","Belo Horizonte","RM BH",3106200,"Belo Horizonte","belo horizonte","Belo Horizonte",2019,8,634
31,"MG","Minas Gerais","07","Metropolitana de Belo Horizonte","030","Belo Horizonte","RM BH",3106200,"Belo Horizonte","belo horizonte","Belo Horizonte",2019,9,977
31,"MG","Minas Gerais","07","Metropolitana de Belo Horizonte","030","Belo Horizonte","RM BH",3106200,"Belo Horizonte","belo horizonte","Belo Horizonte",2019,10,1014
31,"MG","Minas Gerais","07","Metropolitana de Belo Horizonte","030","Belo Horizonte","RM BH",3106200,"Belo Horizonte","belo horizonte","Belo Horizonte",2019,11,833
31,"MG","Minas Gerais","07","Metropolitana de Belo Horizonte","030","Belo Horizonte","RM BH",3106200,"Belo Horizonte","belo horizonte","Belo Horizonte",2019,12,983
31,"MG","Minas Gerais","07","Metropolitana de Belo Horizonte","030","Belo Horizonte","RM BH",3106200,"Belo Horizonte","belo horizonte","Belo Horizonte",2020,1,1306
31,"MG","Minas Gerais","07","Metropolitana de Belo Horizonte","030","Belo Horizonte","RM BH",3106200,"Belo Horizonte","belo horizonte","Belo Horizonte",2020,2,1225
31,"MG","Minas Gerais","07","Metropolitana de Belo Horizonte","030","Belo Horizonte","RM BH",3106200,"Belo Horizonte","belo horizonte","Belo Horizonte",2020,3,1475
31,"MG","Minas Gerais","07","Metropolitana de Belo Horizonte","030","Belo Horizonte","RM BH",3106200,"Belo Horizonte","belo horizonte","Belo Horizonte",2020,4,1257
31,"MG","Minas Gerais","07","Metropolitana de Belo Horizonte","030","Belo Horizonte","RM BH",3106200,"Belo Horizonte","belo horizonte","Belo Horizonte",2020,5,426
15,"PA","Pará","03","Metropolitana de Belém","007","Belém","RM Belém",1501402,"Belém","belem","Belém",2019,1,903
15,"PA","Pará","03","Metropolitana de Belém","007","Belém","RM Belém",1501402,"Belém","belem","Belém",2019,2,880
15,"PA","Pará","03","Metropolitana de Belém","007","Belém","RM Belém",1501402,"Belém","belem","Belém",2019,3,885
15,"PA","Pará","03","Metropolitana de Belém","007","Belém","RM Belém",1501402,"Belém","belem","Belém",2019,4,859
15,"PA","Pará","03","Metropolitana de Belém","007","Belém","RM Belém",1501402,"Belém","belem","Belém",2019,5,1019
15,"PA","Pará","03","Metropolitana de Belém","007","Belém","RM Belém",1501402,"Belém","belem","Belém",2019,6,410
15,"PA","Pará","03","Metropolitana de Belém","007","Belém","RM Belém",1501402,"Belém","belem","Belém",2019,7,791
15,"PA","Pará","03","Metropolitana de Belém","007","Belém","RM Belém",1501402,"Belém","belem","Belém",2019,8,899
15,"PA","Pará","03","Metropolitana de Belém","007","Belém","RM Belém",1501402,"Belém","belem","Belém",2019,9,868
15,"PA","Pará","03","Metropolitana de Belém","007","Belém","RM Belém",1501402,"Belém","belem","Belém",2019,10,815
15,"PA","Pará","03","Metropolitana de Belém","007","Belém","RM Belém",1501402,"Belém","belem","Belém",2019,11,751
15,"PA","Pará","03","Metropolitana de Belém","007","Belém","RM Belém",1501402,"Belém","belem","Belém",2019,12,906
15,"PA","Pará","03","Metropolitana de Belém","007","Belém","RM Belém",1501402,"Belém","belem","Belém",2020,1,890
15,"PA","Pará","03","Metropolitana de Belém","007","Belém","RM Belém",1501402,"Belém","belem","Belém",2020,2,782
15,"PA","Pará","03","Metropolitana de Belém","007","Belém","RM Belém",1501402,"Belém","belem","Belém",2020,3,1018
15,"PA","Pará","03","Metropolitana de Belém","007","Belém","RM Belém",1501402,"Belém","belem","Belém",2020,4,1519
15,"PA","Pará","03","Metropolitana de Belém","007","Belém","RM Belém",1501402,"Belém","belem","Belém",2020,5,693
25,"PB","Paraíba","04","Mata Paraibana","022","João Pessoa","RM João Pessoa",2507507,"João Pessoa","joao pessoa","Joao Pessoa",2019,1,504
25,"PB","Paraíba","04","Mata Paraibana","022","João Pessoa","RM João Pessoa",2507507,"João Pessoa","joao pessoa","Joao Pessoa",2019,2,443
25,"PB","Paraíba","04","Mata Paraibana","022","João Pessoa","RM João Pessoa",2507507,"João Pessoa","joao pessoa","Joao Pessoa",2019,3,480
25,"PB","Paraíba","04","Mata Paraibana","022","João Pessoa","RM João Pessoa",2507507,"João Pessoa","joao pessoa","Joao Pessoa",2019,4,508
25,"PB","Paraíba","04","Mata Paraibana","022","João Pessoa","RM João Pessoa",2507507,"João Pessoa","joao pessoa","Joao Pessoa",2019,5,534
25,"PB","Paraíba","04","Mata Paraibana","022","João Pessoa","RM João Pessoa",2507507,"João Pessoa","joao pessoa","Joao Pessoa",2019,6,433
25,"PB","Paraíba","04","Mata Paraibana","022","João Pessoa","RM João Pessoa",2507507,"João Pessoa","joao pessoa","Joao Pessoa",2019,7,561
25,"PB","Paraíba","04","Mata Paraibana","022","João Pessoa","RM João Pessoa",2507507,"João Pessoa","joao pessoa","Joao Pessoa",2019,8,502
25,"PB","Paraíba","04","Mata Paraibana","022","João Pessoa","RM João Pessoa",2507507,"João Pessoa","joao pessoa","Joao Pessoa",2019,9,431
25,"PB","Paraíba","04","Mata Paraibana","022","João Pessoa","RM João Pessoa",2507507,"João Pessoa","joao pessoa","Joao Pessoa",2019,10,484
25,"PB","Paraíba","04","Mata Paraibana","022","João Pessoa","RM João Pessoa",2507507,"João Pessoa","joao pessoa","Joao Pessoa",2019,11,432
25,"PB","Paraíba","04","Mata Paraibana","022","João Pessoa","RM João Pessoa",2507507,"João Pessoa","joao pessoa","Joao Pessoa",2019,12,391
25,"PB","Paraíba","04","Mata Paraibana","022","João Pessoa","RM João Pessoa",2507507,"João Pessoa","joao pessoa","Joao Pessoa",2020,1,429
25,"PB","Paraíba","04","Mata Paraibana","022","João Pessoa","RM João Pessoa",2507507,"João Pessoa","joao pessoa","Joao Pessoa",2020,2,377
25,"PB","Paraíba","04","Mata Paraibana","022","João Pessoa","RM João Pessoa",2507507,"João Pessoa","joao pessoa","Joao Pessoa",2020,3,349
25,"PB","Paraíba","04","Mata Paraibana","022","João Pessoa","RM João Pessoa",2507507,"João Pessoa","joao pessoa","Joao Pessoa",2020,4,393
25,"PB","Paraíba","04","Mata Paraibana","022","João Pessoa","RM João Pessoa",2507507,"João Pessoa","joao pessoa","Joao Pessoa",2020,5,348
41,"PR","Paraná","10","Metropolitana de Curitiba","037","Curitiba","RM Curitiba",4106902,"Curitiba","curitiba","Curitiba",2019,1,917
41,"PR","Paraná","03","Norte Central Paranaense","011","Londrina","RM Londrina",4113700,"Londrina","londrina","Londrina",2019,1,298
41,"PR","Paraná","10","Metropolitana de Curitiba","037","Curitiba","RM Curitiba",4106902,"Curitiba","curitiba","Curitiba",2019,2,795
41,"PR","Paraná","03","Norte Central Paranaense","011","Londrina","RM Londrina",4113700,"Londrina","londrina","Londrina",2019,2,309
41,"PR","Paraná","10","Metropolitana de Curitiba","037","Curitiba","RM Curitiba",4106902,"Curitiba","curitiba","Curitiba",2019,3,955
41,"PR","Paraná","03","Norte Central Paranaense","011","Londrina","RM Londrina",4113700,"Londrina","londrina","Londrina",2019,3,243
41,"PR","Paraná","10","Metropolitana de Curitiba","037","Curitiba","RM Curitiba",4106902,"Curitiba","curitiba","Curitiba",2019,4,843
41,"PR","Paraná","03","Norte Central Paranaense","011","Londrina","RM Londrina",4113700,"Londrina","londrina","Londrina",2019,4,289
41,"PR","Paraná","10","Metropolitana de Curitiba","037","Curitiba","RM Curitiba",4106902,"Curitiba","curitiba","Curitiba",2019,5,955
41,"PR","Paraná","03","Norte Central Paranaense","011","Londrina","RM Londrina",4113700,"Londrina","londrina","Londrina",2019,5,367
41,"PR","Paraná","10","Metropolitana de Curitiba","037","Curitiba","RM Curitiba",4106902,"Curitiba","curitiba","Curitiba",2019,6,1034
41,"PR","Paraná","03","Norte Central Paranaense","011","Londrina","RM Londrina",4113700,"Londrina","londrina","Londrina",2019,6,299
41,"PR","Paraná","10","Metropolitana de Curitiba","037","Curitiba","RM Curitiba",4106902,"Curitiba","curitiba","Curitiba",2019,7,1128
41,"PR","Paraná","03","Norte Central Paranaense","011","Londrina","RM Londrina",4113700,"Londrina","londrina","Londrina",2019,7,401
41,"PR","Paraná","10","Metropolitana de Curitiba","037","Curitiba","RM Curitiba",4106902,"Curitiba","curitiba","Curitiba",2019,8,943
41,"PR","Paraná","03","Norte Central Paranaense","011","Londrina","RM Londrina",4113700,"Londrina","londrina","Londrina",2019,8,334
41,"PR","Paraná","10","Metropolitana de Curitiba","037","Curitiba","RM Curitiba",4106902,"Curitiba","curitiba","Curitiba",2019,9,997
41,"PR","Paraná","03","Norte Central Paranaense","011","Londrina","RM Londrina",4113700,"Londrina","londrina","Londrina",2019,9,359
41,"PR","Paraná","10","Metropolitana de Curitiba","037","Curitiba","RM Curitiba",4106902,"Curitiba","curitiba","Curitiba",2019,10,877
41,"PR","Paraná","03","Norte Central Paranaense","011","Londrina","RM Londrina",4113700,"Londrina","londrina","Londrina",2019,10,308
41,"PR","Paraná","10","Metropolitana de Curitiba","037","Curitiba","RM Curitiba",4106902,"Curitiba","curitiba","Curitiba",2019,11,833
41,"PR","Paraná","03","Norte Central Paranaense","011","Londrina","RM Londrina",4113700,"Londrina","londrina","Londrina",2019,11,292
41,"PR","Paraná","10","Metropolitana de Curitiba","037","Curitiba","RM Curitiba",4106902,"Curitiba","curitiba","Curitiba",2019,12,871
41,"PR","Paraná","03","Norte Central Paranaense","011","Londrina","RM Londrina",4113700,"Londrina","londrina","Londrina",2019,12,332
41,"PR","Paraná","10","Metropolitana de Curitiba","037","Curitiba","RM Curitiba",4106902,"Curitiba","curitiba","Curitiba",2020,1,834
41,"PR","Paraná","03","Norte Central Paranaense","011","Londrina","RM Londrina",4113700,"Londrina","londrina","Londrina",2020,1,298
41,"PR","Paraná","10","Metropolitana de Curitiba","037","Curitiba","RM Curitiba",4106902,"Curitiba","curitiba","Curitiba",2020,2,802
41,"PR","Paraná","03","Norte Central Paranaense","011","Londrina","RM Londrina",4113700,"Londrina","londrina","Londrina",2020,2,308
41,"PR","Paraná","10","Metropolitana de Curitiba","037","Curitiba","RM Curitiba",4106902,"Curitiba","curitiba","Curitiba",2020,3,892
41,"PR","Paraná","03","Norte Central Paranaense","011","Londrina","RM Londrina",4113700,"Londrina","londrina","Londrina",2020,3,348
41,"PR","Paraná","10","Metropolitana de Curitiba","037","Curitiba","RM Curitiba",4106902,"Curitiba","curitiba","Curitiba",2020,4,859
41,"PR","Paraná","03","Norte Central Paranaense","011","Londrina","RM Londrina",4113700,"Londrina","londrina","Londrina",2020,4,332
41,"PR","Paraná","10","Metropolitana de Curitiba","037","Curitiba","RM Curitiba",4106902,"Curitiba","curitiba","Curitiba",2020,5,595
41,"PR","Paraná","03","Norte Central Paranaense","011","Londrina","RM Londrina",4113700,"Londrina","londrina","Londrina",2020,5,246
26,"PE","Pernambuco","05","Metropolitana de Recife","017","Recife","RM Recife",2611606,"Recife","recife","Recife",2019,1,1220
26,"PE","Pernambuco","05","Metropolitana de Recife","017","Recife","RM Recife",2611606,"Recife","recife","Recife",2019,2,1186
26,"PE","Pernambuco","05","Metropolitana de Recife","017","Recife","RM Recife",2611606,"Recife","recife","Recife",2019,3,1382
26,"PE","Pernambuco","05","Metropolitana de Recife","017","Recife","RM Recife",2611606,"Recife","recife","Recife",2019,4,1188
26,"PE","Pernambuco","05","Metropolitana de Recife","017","Recife","RM Recife",2611606,"Recife","recife","Recife",2019,5,1370
26,"PE","Pernambuco","05","Metropolitana de Recife","017","Recife","RM Recife",2611606,"Recife","recife","Recife",2019,6,1288
26,"PE","Pernambuco","05","Metropolitana de Recife","017","Recife","RM Recife",2611606,"Recife","recife","Recife",2019,7,1409
26,"PE","Pernambuco","05","Metropolitana de Recife","017","Recife","RM Recife",2611606,"Recife","recife","Recife",2019,8,1303
26,"PE","Pernambuco","05","Metropolitana de Recife","017","Recife","RM Recife",2611606,"Recife","recife","Recife",2019,9,1361
26,"PE","Pernambuco","05","Metropolitana de Recife","017","Recife","RM Recife",2611606,"Recife","recife","Recife",2019,10,1275
26,"PE","Pernambuco","05","Metropolitana de Recife","017","Recife","RM Recife",2611606,"Recife","recife","Recife",2019,11,1284
26,"PE","Pernambuco","05","Metropolitana de Recife","017","Recife","RM Recife",2611606,"Recife","recife","Recife",2019,12,1380
26,"PE","Pernambuco","05","Metropolitana de Recife","017","Recife","RM Recife",2611606,"Recife","recife","Recife",2020,1,1334
26,"PE","Pernambuco","05","Metropolitana de Recife","017","Recife","RM Recife",2611606,"Recife","recife","Recife",2020,2,1244
26,"PE","Pernambuco","05","Metropolitana de Recife","017","Recife","RM Recife",2611606,"Recife","recife","Recife",2020,3,1386
26,"PE","Pernambuco","05","Metropolitana de Recife","017","Recife","RM Recife",2611606,"Recife","recife","Recife",2020,4,1787
26,"PE","Pernambuco","05","Metropolitana de Recife","017","Recife","RM Recife",2611606,"Recife","recife","Recife",2020,5,2086
22,"PI","Piauí","02","Centro-Norte Piauiense","003","Teresina","RM Grande Teresina",2211001,"Teresina","teresina","Teresina",2019,1,456
22,"PI","Piauí","02","Centro-Norte Piauiense","003","Teresina","RM Grande Teresina",2211001,"Teresina","teresina","Teresina",2019,2,368
22,"PI","Piauí","02","Centro-Norte Piauiense","003","Teresina","RM Grande Teresina",2211001,"Teresina","teresina","Teresina",2019,3,406
22,"PI","Piauí","02","Centro-Norte Piauiense","003","Teresina","RM Grande Teresina",2211001,"Teresina","teresina","Teresina",2019,4,359
22,"PI","Piauí","02","Centro-Norte Piauiense","003","Teresina","RM Grande Teresina",2211001,"Teresina","teresina","Teresina",2019,5,505
22,"PI","Piauí","02","Centro-Norte Piauiense","003","Teresina","RM Grande Teresina",2211001,"Teresina","teresina","Teresina",2019,6,398
22,"PI","Piauí","02","Centro-Norte Piauiense","003","Teresina","RM Grande Teresina",2211001,"Teresina","teresina","Teresina",2019,7,501
22,"PI","Piauí","02","Centro-Norte Piauiense","003","Teresina","RM Grande Teresina",2211001,"Teresina","teresina","Teresina",2019,8,373
22,"PI","Piauí","02","Centro-Norte Piauiense","003","Teresina","RM Grande Teresina",2211001,"Teresina","teresina","Teresina",2019,9,270
22,"PI","Piauí","02","Centro-Norte Piauiense","003","Teresina","RM Grande Teresina",2211001,"Teresina","teresina","Teresina",2019,10,252
22,"PI","Piauí","02","Centro-Norte Piauiense","003","Teresina","RM Grande Teresina",2211001,"Teresina","teresina","Teresina",2019,11,247
22,"PI","Piauí","02","Centro-Norte Piauiense","003","Teresina","RM Grande Teresina",2211001,"Teresina","teresina","Teresina",2019,12,252
22,"PI","Piauí","02","Centro-Norte Piauiense","003","Teresina","RM Grande Teresina",2211001,"Teresina","teresina","Teresina",2020,1,144
22,"PI","Piauí","02","Centro-Norte Piauiense","003","Teresina","RM Grande Teresina",2211001,"Teresina","teresina","Teresina",2020,2,233
22,"PI","Piauí","02","Centro-Norte Piauiense","003","Teresina","RM Grande Teresina",2211001,"Teresina","teresina","Teresina",2020,3,122
22,"PI","Piauí","02","Centro-Norte Piauiense","003","Teresina","RM Grande Teresina",2211001,"Teresina","teresina","Teresina",2020,4,363
22,"PI","Piauí","02","Centro-Norte Piauiense","003","Teresina","RM Grande Teresina",2211001,"Teresina","teresina","Teresina",2020,5,167
33,"RJ","Rio de Janeiro","06","Metropolitana do Rio de Janeiro","018","Rio de Janeiro","RM RJ",3304557,"Rio de Janeiro","rio de janeiro","Rio de Janeiro",2019,1,4699
33,"RJ","Rio de Janeiro","06","Metropolitana do Rio de Janeiro","018","Rio de Janeiro","RM RJ",3304557,"Rio de Janeiro","rio de janeiro","Rio de Janeiro",2019,2,4193
33,"RJ","Rio de Janeiro","06","Metropolitana do Rio de Janeiro","018","Rio de Janeiro","RM RJ",3304557,"Rio de Janeiro","rio de janeiro","Rio de Janeiro",2019,3,4429
33,"RJ","Rio de Janeiro","06","Metropolitana do Rio de Janeiro","018","Rio de Janeiro","RM RJ",3304557,"Rio de Janeiro","rio de janeiro","Rio de Janeiro",2019,4,5277
33,"RJ","Rio de Janeiro","06","Metropolitana do Rio de Janeiro","018","Rio de Janeiro","RM RJ",3304557,"Rio de Janeiro","rio de janeiro","Rio de Janeiro",2019,5,5954
33,"RJ","Rio de Janeiro","06","Metropolitana do Rio de Janeiro","018","Rio de Janeiro","RM RJ",3304557,"Rio de Janeiro","rio de janeiro","Rio de Janeiro",2019,6,5662
33,"RJ","Rio de Janeiro","06","Metropolitana do Rio de Janeiro","018","Rio de Janeiro","RM RJ",3304557,"Rio de Janeiro","rio de janeiro","Rio de Janeiro",2019,7,5723
33,"RJ","Rio de Janeiro","06","Metropolitana do Rio de Janeiro","018","Rio de Janeiro","RM RJ",3304557,"Rio de Janeiro","rio de janeiro","Rio de Janeiro",2019,8,5408
33,"RJ","Rio de Janeiro","06","Metropolitana do Rio de Janeiro","018","Rio de Janeiro","RM RJ",3304557,"Rio de Janeiro","rio de janeiro","Rio de Janeiro",2019,9,5096
33,"RJ","Rio de Janeiro","06","Metropolitana do Rio de Janeiro","018","Rio de Janeiro","RM RJ",3304557,"Rio de Janeiro","rio de janeiro","Rio de Janeiro",2019,10,4668
33,"RJ","Rio de Janeiro","06","Metropolitana do Rio de Janeiro","018","Rio de Janeiro","RM RJ",3304557,"Rio de Janeiro","rio de janeiro","Rio de Janeiro",2019,11,4608
33,"RJ","Rio de Janeiro","06","Metropolitana do Rio de Janeiro","018","Rio de Janeiro","RM RJ",3304557,"Rio de Janeiro","rio de janeiro","Rio de Janeiro",2019,12,4719
33,"RJ","Rio de Janeiro","06","Metropolitana do Rio de Janeiro","018","Rio de Janeiro","RM RJ",3304557,"Rio de Janeiro","rio de janeiro","Rio de Janeiro",2020,1,4732
33,"RJ","Rio de Janeiro","06","Metropolitana do Rio de Janeiro","018","Rio de Janeiro","RM RJ",3304557,"Rio de Janeiro","rio de janeiro","Rio de Janeiro",2020,2,4489
33,"RJ","Rio de Janeiro","06","Metropolitana do Rio de Janeiro","018","Rio de Janeiro","RM RJ",3304557,"Rio de Janeiro","rio de janeiro","Rio de Janeiro",2020,3,4872
33,"RJ","Rio de Janeiro","06","Metropolitana do Rio de Janeiro","018","Rio de Janeiro","RM RJ",3304557,"Rio de Janeiro","rio de janeiro","Rio de Janeiro",2020,4,6934
33,"RJ","Rio de Janeiro","06","Metropolitana do Rio de Janeiro","018","Rio de Janeiro","RM RJ",3304557,"Rio de Janeiro","rio de janeiro","Rio de Janeiro",2020,5,6533
24,"RN","Rio Grande do Norte","04","Leste Potiguar","018","Natal","RM Natal",2408102,"Natal","natal","Natal",2019,1,528
24,"RN","Rio Grande do Norte","04","Leste Potiguar","018","Natal","RM Natal",2408102,"Natal","natal","Natal",2019,2,440
24,"RN","Rio Grande do Norte","04","Leste Potiguar","018","Natal","RM Natal",2408102,"Natal","natal","Natal",2019,3,461
24,"RN","Rio Grande do Norte","04","Leste Potiguar","018","Natal","RM Natal",2408102,"Natal","natal","Natal",2019,4,502
24,"RN","Rio Grande do Norte","04","Leste Potiguar","018","Natal","RM Natal",2408102,"Natal","natal","Natal",2019,5,546
24,"RN","Rio Grande do Norte","04","Leste Potiguar","018","Natal","RM Natal",2408102,"Natal","natal","Natal",2019,6,400
24,"RN","Rio Grande do Norte","04","Leste Potiguar","018","Natal","RM Natal",2408102,"Natal","natal","Natal",2019,7,562
24,"RN","Rio Grande do Norte","04","Leste Potiguar","018","Natal","RM Natal",2408102,"Natal","natal","Natal",2019,8,453
24,"RN","Rio Grande do Norte","04","Leste Potiguar","018","Natal","RM Natal",2408102,"Natal","natal","Natal",2019,9,462
24,"RN","Rio Grande do Norte","04","Leste Potiguar","018","Natal","RM Natal",2408102,"Natal","natal","Natal",2019,10,389
24,"RN","Rio Grande do Norte","04","Leste Potiguar","018","Natal","RM Natal",2408102,"Natal","natal","Natal",2019,11,393
24,"RN","Rio Grande do Norte","04","Leste Potiguar","018","Natal","RM Natal",2408102,"Natal","natal","Natal",2019,12,416
24,"RN","Rio Grande do Norte","04","Leste Potiguar","018","Natal","RM Natal",2408102,"Natal","natal","Natal",2020,1,440
24,"RN","Rio Grande do Norte","04","Leste Potiguar","018","Natal","RM Natal",2408102,"Natal","natal","Natal",2020,2,390
24,"RN","Rio Grande do Norte","04","Leste Potiguar","018","Natal","RM Natal",2408102,"Natal","natal","Natal",2020,3,440
24,"RN","Rio Grande do Norte","04","Leste Potiguar","018","Natal","RM Natal",2408102,"Natal","natal","Natal",2020,4,417
24,"RN","Rio Grande do Norte","04","Leste Potiguar","018","Natal","RM Natal",2408102,"Natal","natal","Natal",2020,5,229
43,"RS","Rio Grande do Sul","05","Metropolitana de Porto Alegre","026","Porto Alegre","RM POA",4314902,"Porto Alegre","porto alegre","Porto Alegre",2019,1,1519
43,"RS","Rio Grande do Sul","05","Metropolitana de Porto Alegre","026","Porto Alegre","RM POA",4314902,"Porto Alegre","porto alegre","Porto Alegre",2019,2,1261
43,"RS","Rio Grande do Sul","05","Metropolitana de Porto Alegre","026","Porto Alegre","RM POA",4314902,"Porto Alegre","porto alegre","Porto Alegre",2019,3,1454
43,"RS","Rio Grande do Sul","05","Metropolitana de Porto Alegre","026","Porto Alegre","RM POA",4314902,"Porto Alegre","porto alegre","Porto Alegre",2019,4,1406
43,"RS","Rio Grande do Sul","05","Metropolitana de Porto Alegre","026","Porto Alegre","RM POA",4314902,"Porto Alegre","porto alegre","Porto Alegre",2019,5,1551
43,"RS","Rio Grande do Sul","05","Metropolitana de Porto Alegre","026","Porto Alegre","RM POA",4314902,"Porto Alegre","porto alegre","Porto Alegre",2019,6,1679
43,"RS","Rio Grande do Sul","05","Metropolitana de Porto Alegre","026","Porto Alegre","RM POA",4314902,"Porto Alegre","porto alegre","Porto Alegre",2019,7,1915
43,"RS","Rio Grande do Sul","05","Metropolitana de Porto Alegre","026","Porto Alegre","RM POA",4314902,"Porto Alegre","porto alegre","Porto Alegre",2019,8,1885
43,"RS","Rio Grande do Sul","05","Metropolitana de Porto Alegre","026","Porto Alegre","RM POA",4314902,"Porto Alegre","porto alegre","Porto Alegre",2019,9,1582
43,"RS","Rio Grande do Sul","05","Metropolitana de Porto Alegre","026","Porto Alegre","RM POA",4314902,"Porto Alegre","porto alegre","Porto Alegre",2019,10,1614
43,"RS","Rio Grande do Sul","05","Metropolitana de Porto Alegre","026","Porto Alegre","RM POA",4314902,"Porto Alegre","porto alegre","Porto Alegre",2019,11,1492
43,"RS","Rio Grande do Sul","05","Metropolitana de Porto Alegre","026","Porto Alegre","RM POA",4314902,"Porto Alegre","porto alegre","Porto Alegre",2019,12,1597
43,"RS","Rio Grande do Sul","05","Metropolitana de Porto Alegre","026","Porto Alegre","RM POA",4314902,"Porto Alegre","porto alegre","Porto Alegre",2020,1,1550
43,"RS","Rio Grande do Sul","05","Metropolitana de Porto Alegre","026","Porto Alegre","RM POA",4314902,"Porto Alegre","porto alegre","Porto Alegre",2020,2,1481
43,"RS","Rio Grande do Sul","05","Metropolitana de Porto Alegre","026","Porto Alegre","RM POA",4314902,"Porto Alegre","porto alegre","Porto Alegre",2020,3,1454
43,"RS","Rio Grande do Sul","05","Metropolitana de Porto Alegre","026","Porto Alegre","RM POA",4314902,"Porto Alegre","porto alegre","Porto Alegre",2020,4,1334
43,"RS","Rio Grande do Sul","05","Metropolitana de Porto Alegre","026","Porto Alegre","RM POA",4314902,"Porto Alegre","porto alegre","Porto Alegre",2020,5,959
42,"SC","Santa Catarina","05","Grande Florianópolis","016","Florianópolis","RM Florianopolis",4205407,"Florianópolis","florianopolis","Florianopolis",2019,1,167
42,"SC","Santa Catarina","02","Norte Catarinense","008","Joinville","RM Norte-NE Catarinense",4209102,"Joinville","joinville","Joinville",2019,1,313
42,"SC","Santa Catarina","05","Grande Florianópolis","016","Florianópolis","RM Florianopolis",4205407,"Florianópolis","florianopolis","Florianopolis",2019,2,169
42,"SC","Santa Catarina","02","Norte Catarinense","008","Joinville","RM Norte-NE Catarinense",4209102,"Joinville","joinville","Joinville",2019,2,260
42,"SC","Santa Catarina","05","Grande Florianópolis","016","Florianópolis","RM Florianopolis",4205407,"Florianópolis","florianopolis","Florianopolis",2019,3,173
42,"SC","Santa Catarina","02","Norte Catarinense","008","Joinville","RM Norte-NE Catarinense",4209102,"Joinville","joinville","Joinville",2019,3,264
42,"SC","Santa Catarina","05","Grande Florianópolis","016","Florianópolis","RM Florianopolis",4205407,"Florianópolis","florianopolis","Florianopolis",2019,4,186
42,"SC","Santa Catarina","02","Norte Catarinense","008","Joinville","RM Norte-NE Catarinense",4209102,"Joinville","joinville","Joinville",2019,4,263
42,"SC","Santa Catarina","05","Grande Florianópolis","016","Florianópolis","RM Florianopolis",4205407,"Florianópolis","florianopolis","Florianopolis",2019,5,162
42,"SC","Santa Catarina","02","Norte Catarinense","008","Joinville","RM Norte-NE Catarinense",4209102,"Joinville","joinville","Joinville",2019,5,257
42,"SC","Santa Catarina","05","Grande Florianópolis","016","Florianópolis","RM Florianopolis",4205407,"Florianópolis","florianopolis","Florianopolis",2019,6,174
42,"SC","Santa Catarina","02","Norte Catarinense","008","Joinville","RM Norte-NE Catarinense",4209102,"Joinville","joinville","Joinville",2019,6,261
42,"SC","Santa Catarina","05","Grande Florianópolis","016","Florianópolis","RM Florianopolis",4205407,"Florianópolis","florianopolis","Florianopolis",2019,7,209
42,"SC","Santa Catarina","02","Norte Catarinense","008","Joinville","RM Norte-NE Catarinense",4209102,"Joinville","joinville","Joinville",2019,7,288
42,"SC","Santa Catarina","05","Grande Florianópolis","016","Florianópolis","RM Florianopolis",4205407,"Florianópolis","florianopolis","Florianopolis",2019,8,181
42,"SC","Santa Catarina","02","Norte Catarinense","008","Joinville","RM Norte-NE Catarinense",4209102,"Joinville","joinville","Joinville",2019,8,299
42,"SC","Santa Catarina","05","Grande Florianópolis","016","Florianópolis","RM Florianopolis",4205407,"Florianópolis","florianopolis","Florianopolis",2019,9,203
42,"SC","Santa Catarina","02","Norte Catarinense","008","Joinville","RM Norte-NE Catarinense",4209102,"Joinville","joinville","Joinville",2019,9,295
42,"SC","Santa Catarina","05","Grande Florianópolis","016","Florianópolis","RM Florianopolis",4205407,"Florianópolis","florianopolis","Florianopolis",2019,10,193
42,"SC","Santa Catarina","02","Norte Catarinense","008","Joinville","RM Norte-NE Catarinense",4209102,"Joinville","joinville","Joinville",2019,10,309
42,"SC","Santa Catarina","05","Grande Florianópolis","016","Florianópolis","RM Florianopolis",4205407,"Florianópolis","florianopolis","Florianopolis",2019,11,169
42,"SC","Santa Catarina","02","Norte Catarinense","008","Joinville","RM Norte-NE Catarinense",4209102,"Joinville","joinville","Joinville",2019,11,264
42,"SC","Santa Catarina","05","Grande Florianópolis","016","Florianópolis","RM Florianopolis",4205407,"Florianópolis","florianopolis","Florianopolis",2019,12,161
42,"SC","Santa Catarina","02","Norte Catarinense","008","Joinville","RM Norte-NE Catarinense",4209102,"Joinville","joinville","Joinville",2019,12,272
42,"SC","Santa Catarina","05","Grande Florianópolis","016","Florianópolis","RM Florianopolis",4205407,"Florianópolis","florianopolis","Florianopolis",2020,1,203
42,"SC","Santa Catarina","02","Norte Catarinense","008","Joinville","RM Norte-NE Catarinense",4209102,"Joinville","joinville","Joinville",2020,1,268
42,"SC","Santa Catarina","05","Grande Florianópolis","016","Florianópolis","RM Florianopolis",4205407,"Florianópolis","florianopolis","Florianopolis",2020,2,163
42,"SC","Santa Catarina","02","Norte Catarinense","008","Joinville","RM Norte-NE Catarinense",4209102,"Joinville","joinville","Joinville",2020,2,240
42,"SC","Santa Catarina","05","Grande Florianópolis","016","Florianópolis","RM Florianopolis",4205407,"Florianópolis","florianopolis","Florianopolis",2020,3,139
42,"SC","Santa Catarina","02","Norte Catarinense","008","Joinville","RM Norte-NE Catarinense",4209102,"Joinville","joinville","Joinville",2020,3,197
42,"SC","Santa Catarina","05","Grande Florianópolis","016","Florianópolis","RM Florianopolis",4205407,"Florianópolis","florianopolis","Florianopolis",2020,4,182
42,"SC","Santa Catarina","02","Norte Catarinense","008","Joinville","RM Norte-NE Catarinense",4209102,"Joinville","joinville","Joinville",2020,4,297
42,"SC","Santa Catarina","05","Grande Florianópolis","016","Florianópolis","RM Florianopolis",4205407,"Florianópolis","florianopolis","Florianopolis",2020,5,109
42,"SC","Santa Catarina","02","Norte Catarinense","008","Joinville","RM Norte-NE Catarinense",4209102,"Joinville","joinville","Joinville",2020,5,169
35,"SP","São Paulo","07","Campinas","032","Campinas","RM Campinas",3509502,"Campinas","campinas","Campinas",2019,1,691
35,"SP","São Paulo","06","Piracicaba","028","Piracicaba","RM Piracicaba",3538709,"Piracicaba","piracicaba","Piracicaba",2019,1,294
35,"SP","São Paulo","02","Ribeirão Preto","014","Ribeirão Preto","RM Ribeirão Preto",3543402,"Ribeirão Preto","ribeirao preto","Ribeirão Preto",2019,1,417
35,"SP","São Paulo","15","Metropolitana de São Paulo","063","Santos","RM Baixada Santista",3548500,"Santos","santos","Santos",2019,1,448
35,"SP","São Paulo","13","Vale do Paraíba Paulista","050","São José dos Campos","RM Vale",3549904,"São José dos Campos","sao jose dos campos","São José dos Campos",2019,1,326
35,"SP","São Paulo","15","Metropolitana de São Paulo","061","São Paulo","RM SP",3550308,"São Paulo","sao paulo","São Paulo",2019,1,7791
35,"SP","São Paulo","12","Macro Metropolitana Paulista","046","Sorocaba","RM Sorocaba",3552205,"Sorocaba","sorocaba","Sorocaba",2019,1,464
35,"SP","São Paulo","07","Campinas","032","Campinas","RM Campinas",3509502,"Campinas","campinas","Campinas",2019,2,565
35,"SP","São Paulo","06","Piracicaba","028","Piracicaba","RM Piracicaba",3538709,"Piracicaba","piracicaba","Piracicaba",2019,2,246
35,"SP","São Paulo","02","Ribeirão Preto","014","Ribeirão Preto","RM Ribeirão Preto",3543402,"Ribeirão Preto","ribeirao preto","Ribeirão Preto",2019,2,349
35,"SP","São Paulo","15","Metropolitana de São Paulo","063","Santos","RM Baixada Santista",3548500,"Santos","santos","Santos",2019,2,382
35,"SP","São Paulo","13","Vale do Paraíba Paulista","050","São José dos Campos","RM Vale",3549904,"São José dos Campos","sao jose dos campos","São José dos Campos",2019,2,342
35,"SP","São Paulo","15","Metropolitana de São Paulo","061","São Paulo","RM SP",3550308,"São Paulo","sao paulo","São Paulo",2019,2,6391
35,"SP","São Paulo","12","Macro Metropolitana Paulista","046","Sorocaba","RM Sorocaba",3552205,"Sorocaba","sorocaba","Sorocaba",2019,2,360
35,"SP","São Paulo","07","Campinas","032","Campinas","RM Campinas",3509502,"Campinas","campinas","Campinas",2019,3,610
35,"SP","São Paulo","06","Piracicaba","028","Piracicaba","RM Piracicaba",3538709,"Piracicaba","piracicaba","Piracicaba",2019,3,222
35,"SP","São Paulo","02","Ribeirão Preto","014","Ribeirão Preto","RM Ribeirão Preto",3543402,"Ribeirão Preto","ribeirao preto","Ribeirão Preto",2019,3,367
35,"SP","São Paulo","15","Metropolitana de São Paulo","063","Santos","RM Baixada Santista",3548500,"Santos","santos","Santos",2019,3,385
35,"SP","São Paulo","13","Vale do Paraíba Paulista","050","São José dos Campos","RM Vale",3549904,"São José dos Campos","sao jose dos campos","São José dos Campos",2019,3,306
35,"SP","São Paulo","15","Metropolitana de São Paulo","061","São Paulo","RM SP",3550308,"São Paulo","sao paulo","São Paulo",2019,3,6609
35,"SP","São Paulo","12","Macro Metropolitana Paulista","046","Sorocaba","RM Sorocaba",3552205,"Sorocaba","sorocaba","Sorocaba",2019,3,352
35,"SP","São Paulo","07","Campinas","032","Campinas","RM Campinas",3509502,"Campinas","campinas","Campinas",2019,4,665
35,"SP","São Paulo","06","Piracicaba","028","Piracicaba","RM Piracicaba",3538709,"Piracicaba","piracicaba","Piracicaba",2019,4,263
35,"SP","São Paulo","02","Ribeirão Preto","014","Ribeirão Preto","RM Ribeirão Preto",3543402,"Ribeirão Preto","ribeirao preto","Ribeirão Preto",2019,4,396
35,"SP","São Paulo","15","Metropolitana de São Paulo","063","Santos","RM Baixada Santista",3548500,"Santos","santos","Santos",2019,4,443
35,"SP","São Paulo","13","Vale do Paraíba Paulista","050","São José dos Campos","RM Vale",3549904,"São José dos Campos","sao jose dos campos","São José dos Campos",2019,4,354
35,"SP","São Paulo","15","Metropolitana de São Paulo","061","São Paulo","RM SP",3550308,"São Paulo","sao paulo","São Paulo",2019,4,6940
35,"SP","São Paulo","12","Macro Metropolitana Paulista","046","Sorocaba","RM Sorocaba",3552205,"Sorocaba","sorocaba","Sorocaba",2019,4,402
35,"SP","São Paulo","07","Campinas","032","Campinas","RM Campinas",3509502,"Campinas","campinas","Campinas",2019,5,808
35,"SP","São Paulo","06","Piracicaba","028","Piracicaba","RM Piracicaba",3538709,"Piracicaba","piracicaba","Piracicaba",2019,5,263
35,"SP","São Paulo","02","Ribeirão Preto","014","Ribeirão Preto","RM Ribeirão Preto",3543402,"Ribeirão Preto","ribeirao preto","Ribeirão Preto",2019,5,453
35,"SP","São Paulo","15","Metropolitana de São Paulo","063","Santos","RM Baixada Santista",3548500,"Santos","santos","Santos",2019,5,447
35,"SP","São Paulo","13","Vale do Paraíba Paulista","050","São José dos Campos","RM Vale",3549904,"São José dos Campos","sao jose dos campos","São José dos Campos",2019,5,377
35,"SP","São Paulo","15","Metropolitana de São Paulo","061","São Paulo","RM SP",3550308,"São Paulo","sao paulo","São Paulo",2019,5,7829
35,"SP","São Paulo","12","Macro Metropolitana Paulista","046","Sorocaba","RM Sorocaba",3552205,"Sorocaba","sorocaba","Sorocaba",2019,5,413
35,"SP","São Paulo","07","Campinas","032","Campinas","RM Campinas",3509502,"Campinas","campinas","Campinas",2019,6,658
35,"SP","São Paulo","06","Piracicaba","028","Piracicaba","RM Piracicaba",3538709,"Piracicaba","piracicaba","Piracicaba",2019,6,249
35,"SP","São Paulo","02","Ribeirão Preto","014","Ribeirão Preto","RM Ribeirão Preto",3543402,"Ribeirão Preto","ribeirao preto","Ribeirão Preto",2019,6,432
35,"SP","São Paulo","15","Metropolitana de São Paulo","063","Santos","RM Baixada Santista",3548500,"Santos","santos","Santos",2019,6,363
35,"SP","São Paulo","13","Vale do Paraíba Paulista","050","São José dos Campos","RM Vale",3549904,"São José dos Campos","sao jose dos campos","São José dos Campos",2019,6,364
35,"SP","São Paulo","15","Metropolitana de São Paulo","061","São Paulo","RM SP",3550308,"São Paulo","sao paulo","São Paulo",2019,6,7586
35,"SP","São Paulo","12","Macro Metropolitana Paulista","046","Sorocaba","RM Sorocaba",3552205,"Sorocaba","sorocaba","Sorocaba",2019,6,396
35,"SP","São Paulo","07","Campinas","032","Campinas","RM Campinas",3509502,"Campinas","campinas","Campinas",2019,7,771
35,"SP","São Paulo","06","Piracicaba","028","Piracicaba","RM Piracicaba",3538709,"Piracicaba","piracicaba","Piracicaba",2019,7,344
35,"SP","São Paulo","02","Ribeirão Preto","014","Ribeirão Preto","RM Ribeirão Preto",3543402,"Ribeirão Preto","ribeirao preto","Ribeirão Preto",2019,7,543
35,"SP","São Paulo","15","Metropolitana de São Paulo","063","Santos","RM Baixada Santista",3548500,"Santos","santos","Santos",2019,7,384
35,"SP","São Paulo","13","Vale do Paraíba Paulista","050","São José dos Campos","RM Vale",3549904,"São José dos Campos","sao jose dos campos","São José dos Campos",2019,7,483
35,"SP","São Paulo","15","Metropolitana de São Paulo","061","São Paulo","RM SP",3550308,"São Paulo","sao paulo","São Paulo",2019,7,8570
35,"SP","São Paulo","12","Macro Metropolitana Paulista","046","Sorocaba","RM Sorocaba",3552205,"Sorocaba","sorocaba","Sorocaba",2019,7,518
35,"SP","São Paulo","07","Campinas","032","Campinas","RM Campinas",3509502,"Campinas","campinas","Campinas",2019,8,676
35,"SP","São Paulo","06","Piracicaba","028","Piracicaba","RM Piracicaba",3538709,"Piracicaba","piracicaba","Piracicaba",2019,8,296
35,"SP","São Paulo","02","Ribeirão Preto","014","Ribeirão Preto","RM Ribeirão Preto",3543402,"Ribeirão Preto","ribeirao preto","Ribeirão Preto",2019,8,438
35,"SP","São Paulo","15","Metropolitana de São Paulo","063","Santos","RM Baixada Santista",3548500,"Santos","santos","Santos",2019,8,404
35,"SP","São Paulo","13","Vale do Paraíba Paulista","050","São José dos Campos","RM Vale",3549904,"São José dos Campos","sao jose dos campos","São José dos Campos",2019,8,396
35,"SP","São Paulo","15","Metropolitana de São Paulo","061","São Paulo","RM SP",3550308,"São Paulo","sao paulo","São Paulo",2019,8,7778
35,"SP","São Paulo","12","Macro Metropolitana Paulista","046","Sorocaba","RM Sorocaba",3552205,"Sorocaba","sorocaba","Sorocaba",2019,8,410
35,"SP","São Paulo","07","Campinas","032","Campinas","RM Campinas",3509502,"Campinas","campinas","Campinas",2019,9,675
35,"SP","São Paulo","06","Piracicaba","028","Piracicaba","RM Piracicaba",3538709,"Piracicaba","piracicaba","Piracicaba",2019,9,241
35,"SP","São Paulo","02","Ribeirão Preto","014","Ribeirão Preto","RM Ribeirão Preto",3543402,"Ribeirão Preto","ribeirao preto","Ribeirão Preto",2019,9,356
35,"SP","São Paulo","15","Metropolitana de São Paulo","063","Santos","RM Baixada Santista",3548500,"Santos","santos","Santos",2019,9,397
35,"SP","São Paulo","13","Vale do Paraíba Paulista","050","São José dos Campos","RM Vale",3549904,"São José dos Campos","sao jose dos campos","São José dos Campos",2019,9,389
35,"SP","São Paulo","15","Metropolitana de São Paulo","061","São Paulo","RM SP",3550308,"São Paulo","sao paulo","São Paulo",2019,9,7246
35,"SP","São Paulo","12","Macro Metropolitana Paulista","046","Sorocaba","RM Sorocaba",3552205,"Sorocaba","sorocaba","Sorocaba",2019,9,414
35,"SP","São Paulo","07","Campinas","032","Campinas","RM Campinas",3509502,"Campinas","campinas","Campinas",2019,10,668
35,"SP","São Paulo","06","Piracicaba","028","Piracicaba","RM Piracicaba",3538709,"Piracicaba","piracicaba","Piracicaba",2019,10,282
35,"SP","São Paulo","02","Ribeirão Preto","014","Ribeirão Preto","RM Ribeirão Preto",3543402,"Ribeirão Preto","ribeirao preto","Ribeirão Preto",2019,10,399
35,"SP","São Paulo","15","Metropolitana de São Paulo","063","Santos","RM Baixada Santista",3548500,"Santos","santos","Santos",2019,10,446
35,"SP","São Paulo","13","Vale do Paraíba Paulista","050","São José dos Campos","RM Vale",3549904,"São José dos Campos","sao jose dos campos","São José dos Campos",2019,10,425
35,"SP","São Paulo","15","Metropolitana de São Paulo","061","São Paulo","RM SP",3550308,"São Paulo","sao paulo","São Paulo",2019,10,7312
35,"SP","São Paulo","12","Macro Metropolitana Paulista","046","Sorocaba","RM Sorocaba",3552205,"Sorocaba","sorocaba","Sorocaba",2019,10,444
35,"SP","São Paulo","07","Campinas","032","Campinas","RM Campinas",3509502,"Campinas","campinas","Campinas",2019,11,690
35,"SP","São Paulo","06","Piracicaba","028","Piracicaba","RM Piracicaba",3538709,"Piracicaba","piracicaba","Piracicaba",2019,11,247
35,"SP","São Paulo","02","Ribeirão Preto","014","Ribeirão Preto","RM Ribeirão Preto",3543402,"Ribeirão Preto","ribeirao preto","Ribeirão Preto",2019,11,327
35,"SP","São Paulo","15","Metropolitana de São Paulo","063","Santos","RM Baixada Santista",3548500,"Santos","santos","Santos",2019,11,338
35,"SP","São Paulo","13","Vale do Paraíba Paulista","050","São José dos Campos","RM Vale",3549904,"São José dos Campos","sao jose dos campos","São José dos Campos",2019,11,343
35,"SP","São Paulo","15","Metropolitana de São Paulo","061","São Paulo","RM SP",3550308,"São Paulo","sao paulo","São Paulo",2019,11,6970
35,"SP","São Paulo","12","Macro Metropolitana Paulista","046","Sorocaba","RM Sorocaba",3552205,"Sorocaba","sorocaba","Sorocaba",2019,11,346
35,"SP","São Paulo","07","Campinas","032","Campinas","RM Campinas",3509502,"Campinas","campinas","Campinas",2019,12,594
35,"SP","São Paulo","06","Piracicaba","028","Piracicaba","RM Piracicaba",3538709,"Piracicaba","piracicaba","Piracicaba",2019,12,217
35,"SP","São Paulo","02","Ribeirão Preto","014","Ribeirão Preto","RM Ribeirão Preto",3543402,"Ribeirão Preto","ribeirao preto","Ribeirão Preto",2019,12,365
35,"SP","São Paulo","15","Metropolitana de São Paulo","063","Santos","RM Baixada Santista",3548500,"Santos","santos","Santos",2019,12,317
35,"SP","São Paulo","13","Vale do Paraíba Paulista","050","São José dos Campos","RM Vale",3549904,"São José dos Campos","sao jose dos campos","São José dos Campos",2019,12,310
35,"SP","São Paulo","15","Metropolitana de São Paulo","061","São Paulo","RM SP",3550308,"São Paulo","sao paulo","São Paulo",2019,12,6430
35,"SP","São Paulo","12","Macro Metropolitana Paulista","046","Sorocaba","RM Sorocaba",3552205,"Sorocaba","sorocaba","Sorocaba",2019,12,370
35,"SP","São Paulo","07","Campinas","032","Campinas","RM Campinas",3509502,"Campinas","campinas","Campinas",2020,1,713
35,"SP","São Paulo","06","Piracicaba","028","Piracicaba","RM Piracicaba",3538709,"Piracicaba","piracicaba","Piracicaba",2020,1,300
35,"SP","São Paulo","02","Ribeirão Preto","014","Ribeirão Preto","RM Ribeirão Preto",3543402,"Ribeirão Preto","ribeirao preto","Ribeirão Preto",2020,1,418
35,"SP","São Paulo","15","Metropolitana de São Paulo","063","Santos","RM Baixada Santista",3548500,"Santos","santos","Santos",2020,1,471
35,"SP","São Paulo","13","Vale do Paraíba Paulista","050","São José dos Campos","RM Vale",3549904,"São José dos Campos","sao jose dos campos","São José dos Campos",2020,1,414
35,"SP","São Paulo","15","Metropolitana de São Paulo","061","São Paulo","RM SP",3550308,"São Paulo","sao paulo","São Paulo",2020,1,8121
35,"SP","São Paulo","12","Macro Metropolitana Paulista","046","Sorocaba","RM Sorocaba",3552205,"Sorocaba","sorocaba","Sorocaba",2020,1,484
35,"SP","São Paulo","07","Campinas","032","Campinas","RM Campinas",3509502,"Campinas","campinas","Campinas",2020,2,498
35,"SP","São Paulo","06","Piracicaba","028","Piracicaba","RM Piracicaba",3538709,"Piracicaba","piracicaba","Piracicaba",2020,2,207
35,"SP","São Paulo","02","Ribeirão Preto","014","Ribeirão Preto","RM Ribeirão Preto",3543402,"Ribeirão Preto","ribeirao preto","Ribeirão Preto",2020,2,360
35,"SP","São Paulo","15","Metropolitana de São Paulo","063","Santos","RM Baixada Santista",3548500,"Santos","santos","Santos",2020,2,346
35,"SP","São Paulo","13","Vale do Paraíba Paulista","050","São José dos Campos","RM Vale",3549904,"São José dos Campos","sao jose dos campos","São José dos Campos",2020,2,323
35,"SP","São Paulo","15","Metropolitana de São Paulo","061","São Paulo","RM SP",3550308,"São Paulo","sao paulo","São Paulo",2020,2,6076
35,"SP","São Paulo","12","Macro Metropolitana Paulista","046","Sorocaba","RM Sorocaba",3552205,"Sorocaba","sorocaba","Sorocaba",2020,2,394
35,"SP","São Paulo","07","Campinas","032","Campinas","RM Campinas",3509502,"Campinas","campinas","Campinas",2020,3,743
35,"SP","São Paulo","06","Piracicaba","028","Piracicaba","RM Piracicaba",3538709,"Piracicaba","piracicaba","Piracicaba",2020,3,238
35,"SP","São Paulo","02","Ribeirão Preto","014","Ribeirão Preto","RM Ribeirão Preto",3543402,"Ribeirão Preto","ribeirao preto","Ribeirão Preto",2020,3,408
35,"SP","São Paulo","15","Metropolitana de São Paulo","063","Santos","RM Baixada Santista",3548500,"Santos","santos","Santos",2020,3,375
35,"SP","São Paulo","13","Vale do Paraíba Paulista","050","São José dos Campos","RM Vale",3549904,"São José dos Campos","sao jose dos campos","São José dos Campos",2020,3,380
35,"SP","São Paulo","15","Metropolitana de São Paulo","061","São Paulo","RM SP",3550308,"São Paulo","sao paulo","São Paulo",2020,3,7640
35,"SP","São Paulo","12","Macro Metropolitana Paulista","046","Sorocaba","RM Sorocaba",3552205,"Sorocaba","sorocaba","Sorocaba",2020,3,449
35,"SP","São Paulo","07","Campinas","032","Campinas","RM Campinas",3509502,"Campinas","campinas","Campinas",2020,4,663
35,"SP","São Paulo","06","Piracicaba","028","Piracicaba","RM Piracicaba",3538709,"Piracicaba","piracicaba","Piracicaba",2020,4,216
35,"SP","São Paulo","02","Ribeirão Preto","014","Ribeirão Preto","RM Ribeirão Preto",3543402,"Ribeirão Preto","ribeirao preto","Ribeirão Preto",2020,4,358
35,"SP","São Paulo","15","Metropolitana de São Paulo","063","Santos","RM Baixada Santista",3548500,"Santos","santos","Santos",2020,4,444
35,"SP","São Paulo","13","Vale do Paraíba Paulista","050","São José dos Campos","RM Vale",3549904,"São José dos Campos","sao jose dos campos","São José dos Campos",2020,4,332
35,"SP","São Paulo","15","Metropolitana de São Paulo","061","São Paulo","RM SP",3550308,"São Paulo","sao paulo","São Paulo",2020,4,9323
35,"SP","São Paulo","12","Macro Metropolitana Paulista","046","Sorocaba","RM Sorocaba",3552205,"Sorocaba","sorocaba","Sorocaba",2020,4,421
35,"SP","São Paulo","07","Campinas","032","Campinas","RM Campinas",3509502,"Campinas","campinas","Campinas",2020,5,475
35,"SP","São Paulo","06","Piracicaba","028","Piracicaba","RM Piracicaba",3538709,"Piracicaba","piracicaba","Piracicaba",2020,5,173
35,"SP","São Paulo","02","Ribeirão Preto","014","Ribeirão Preto","RM Ribeirão Preto",3543402,"Ribeirão Preto","ribeirao preto","Ribeirão Preto",2020,5,265
35,"SP","São Paulo","15","Metropolitana de São Paulo","063","Santos","RM Baixada Santista",3548500,"Santos","santos","Santos",2020,5,267
35,"SP","São Paulo","13","Vale do Paraíba Paulista","050","São José dos Campos","RM Vale",3549904,"São José dos Campos","sao jose dos campos","São José dos Campos",2020,5,274
35,"SP","São Paulo","15","Metropolitana de São Paulo","061","São Paulo","RM SP",3550308,"São Paulo","sao paulo","São Paulo",2020,5,6047
35,"SP","São Paulo","12","Macro Metropolitana Paulista","046","Sorocaba","RM Sorocaba",3552205,"Sorocaba","sorocaba","Sorocaba",2020,5,232
NA,"DF","Distrito Federal","01","Distrito Federal","001","Brasília","RM DF e entorno",5300108,"Brasília","brasilia","Brasília",2019,1,1198
NA,"DF","Distrito Federal","01","Distrito Federal","001","Brasília","RM DF e entorno",5300108,"Brasília","brasilia","Brasília",2020,1,1244
NA,"DF","Distrito Federal","01","Distrito Federal","001","Brasília","RM DF e entorno",5300108,"Brasília","brasilia","Brasília",2019,2,1064
NA,"DF","Distrito Federal","01","Distrito Federal","001","Brasília","RM DF e entorno",5300108,"Brasília","brasilia","Brasília",2020,2,1100
NA,"DF","Distrito Federal","01","Distrito Federal","001","Brasília","RM DF e entorno",5300108,"Brasília","brasilia","Brasília",2019,3,1182
NA,"DF","Distrito Federal","01","Distrito Federal","001","Brasília","RM DF e entorno",5300108,"Brasília","brasilia","Brasília",2020,3,1278
NA,"DF","Distrito Federal","01","Distrito Federal","001","Brasília","RM DF e entorno",5300108,"Brasília","brasilia","Brasília",2019,4,1257
NA,"DF","Distrito Federal","01","Distrito Federal","001","Brasília","RM DF e entorno",5300108,"Brasília","brasilia","Brasília",2020,4,1155
NA,"DF","Distrito Federal","01","Distrito Federal","001","Brasília","RM DF e entorno",5300108,"Brasília","brasilia","Brasília",2019,5,1294
NA,"DF","Distrito Federal","01","Distrito Federal","001","Brasília","RM DF e entorno",5300108,"Brasília","brasilia","Brasília",2020,5,827
NA,"DF","Distrito Federal","01","Distrito Federal","001","Brasília","RM DF e entorno",5300108,"Brasília","brasilia","Brasília",2019,6,1287
NA,"DF","Distrito Federal","01","Distrito Federal","001","Brasília","RM DF e entorno",5300108,"Brasília","brasilia","Brasília",2019,7,1297
NA,"DF","Distrito Federal","01","Distrito Federal","001","Brasília","RM DF e entorno",5300108,"Brasília","brasilia","Brasília",2019,8,1299
NA,"DF","Distrito Federal","01","Distrito Federal","001","Brasília","RM DF e entorno",5300108,"Brasília","brasilia","Brasília",2019,9,1301
NA,"DF","Distrito Federal","01","Distrito Federal","001","Brasília","RM DF e entorno",5300108,"Brasília","brasilia","Brasília",2019,10,1298
NA,"DF","Distrito Federal","01","Distrito Federal","001","Brasília","RM DF e entorno",5300108,"Brasília","brasilia","Brasília",2019,11,1166
NA,"DF","Distrito Federal","01","Distrito Federal","001","Brasília","RM DF e entorno",5300108,"Brasília","brasilia","Brasília",2019,12,1218
