"date","state","age_group","gender","number_deaths"
2020-04-07,"AC","70 - 79","F",1
2020-04-15,"AC","70 - 79","M",1
2020-04-18,"AC","50 - 59","M",1
2020-04-20,"AC","40 - 49","M",1
2020-04-21,"AC","20 - 29","M",1
2020-03-23,"AL","60 - 69","M",1
2020-03-30,"AL","60 - 69","M",1
2020-04-01,"AL","70 - 79","M",1
2020-04-08,"AL","70 - 79","F",1
2020-04-09,"AL","40 - 49","M",1
2020-04-09,"AL","60 - 69","F",1
2020-04-09,"AL","80 - 89","F",1
2020-04-10,"AL","70 - 79","M",1
2020-04-17,"AL","70 - 79","M",1
2020-04-17,"AL","80 - 89","M",1
2020-04-18,"AL","40 - 49","M",1
2020-04-18,"AL","50 - 59","F",1
2020-04-19,"AL","60 - 69","M",1
2020-04-20,"AL","60 - 69","F",2
2020-04-22,"AL","60 - 69","F",1
2020-03-30,"AM","40 - 49","M",1
2020-04-01,"AM","40 - 49","M",1
2020-04-02,"AM","60 - 69","M",1
2020-04-03,"AM","70 - 79","F",2
2020-04-03,"AM","80 - 89","M",1
2020-04-04,"AM","70 - 79","F",1
2020-04-04,"AM","70 - 79","M",1
2020-04-06,"AM","40 - 49","M",1
2020-04-06,"AM","60 - 69","M",1
2020-04-07,"AM","40 - 49","M",1
2020-04-07,"AM","50 - 59","M",1
2020-04-07,"AM","60 - 69","M",2
2020-04-07,"AM","70 - 79","M",1
2020-04-07,"AM","80 - 89","M",1
2020-04-08,"AM","30 - 39","M",1
2020-04-08,"AM","90 - 99","M",1
2020-04-09,"AM","40 - 49","M",1
2020-04-09,"AM","40 - 49","F",1
2020-04-09,"AM","60 - 69","M",1
2020-04-09,"AM","80 - 89","M",2
2020-04-10,"AM","50 - 59","M",1
2020-04-10,"AM","60 - 69","F",1
2020-04-10,"AM","70 - 79","M",2
2020-04-10,"AM","80 - 89","F",2
2020-04-10,"AM","> 100","F",1
2020-04-11,"AM","20 - 29","F",1
2020-04-11,"AM","30 - 39","F",1
2020-04-11,"AM","40 - 49","M",1
2020-04-11,"AM","50 - 59","M",1
2020-04-11,"AM","60 - 69","F",2
2020-04-11,"AM","60 - 69","M",2
2020-04-11,"AM","70 - 79","M",3
2020-04-11,"AM","80 - 89","M",1
2020-04-12,"AM","40 - 49","F",1
2020-04-12,"AM","60 - 69","M",1
2020-04-12,"AM","90 - 99","M",1
2020-04-13,"AM","30 - 39","M",1
2020-04-13,"AM","50 - 59","F",1
2020-04-13,"AM","60 - 69","M",1
2020-04-14,"AM","40 - 49","F",1
2020-04-14,"AM","40 - 49","M",1
2020-04-14,"AM","50 - 59","F",1
2020-04-14,"AM","60 - 69","M",2
2020-04-14,"AM","70 - 79","M",3
2020-04-14,"AM","80 - 89","F",1
2020-04-15,"AM","40 - 49","M",1
2020-04-15,"AM","50 - 59","M",1
2020-04-15,"AM","60 - 69","M",2
2020-04-15,"AM","60 - 69","F",2
2020-04-15,"AM","70 - 79","M",1
2020-04-15,"AM","80 - 89","F",1
2020-04-15,"AM","80 - 89","M",1
2020-04-16,"AM","60 - 69","M",2
2020-04-17,"AM","30 - 39","M",1
2020-04-17,"AM","40 - 49","M",1
2020-04-17,"AM","50 - 59","M",2
2020-04-17,"AM","60 - 69","M",1
2020-04-17,"AM","60 - 69","F",1
2020-04-17,"AM","70 - 79","F",1
2020-04-17,"AM","70 - 79","M",1
2020-04-17,"AM","80 - 89","F",1
2020-04-18,"AM","30 - 39","F",1
2020-04-18,"AM","40 - 49","M",1
2020-04-18,"AM","50 - 59","F",2
2020-04-18,"AM","50 - 59","M",1
2020-04-18,"AM","60 - 69","F",3
2020-04-18,"AM","60 - 69","M",2
2020-04-18,"AM","70 - 79","M",3
2020-04-18,"AM","70 - 79","F",2
2020-04-18,"AM","80 - 89","M",2
2020-04-18,"AM","80 - 89","F",1
2020-04-19,"AM","30 - 39","M",1
2020-04-19,"AM","40 - 49","M",1
2020-04-19,"AM","50 - 59","M",1
2020-04-19,"AM","60 - 69","M",2
2020-04-19,"AM","60 - 69","F",1
2020-04-19,"AM","80 - 89","M",1
2020-04-20,"AM","40 - 49","M",2
2020-04-20,"AM","50 - 59","M",2
2020-04-20,"AM","60 - 69","F",2
2020-04-20,"AM","60 - 69","M",3
2020-04-20,"AM","70 - 79","M",4
2020-04-20,"AM","70 - 79","F",1
2020-04-20,"AM","80 - 89","M",1
2020-04-20,"AM","90 - 99","F",1
2020-04-21,"AM","10 - 19","F",1
2020-04-21,"AM","50 - 59","M",1
2020-04-21,"AM","60 - 69","F",2
2020-04-21,"AM","60 - 69","M",1
2020-04-21,"AM","70 - 79","F",2
2020-04-21,"AM","70 - 79","M",3
2020-04-21,"AM","80 - 89","M",1
2020-04-22,"AM","40 - 49","M",2
2020-04-22,"AM","50 - 59","M",2
2020-04-22,"AM","60 - 69","M",2
2020-04-22,"AM","60 - 69","F",1
2020-04-22,"AM","70 - 79","M",2
2020-04-22,"AM","80 - 89","F",1
2020-04-23,"AM","60 - 69","M",2
2020-03-19,"BA","70 - 79","F",1
2020-03-27,"BA","80 - 89","F",1
2020-03-30,"BA","60 - 69","M",1
2020-04-01,"BA","60 - 69","M",1
2020-04-01,"BA","70 - 79","M",1
2020-04-02,"BA","40 - 49","F",1
2020-04-02,"BA","90 - 99","F",1
2020-04-03,"BA","10 - 19","M",1
2020-04-13,"BA","70 - 79","M",1
2020-04-15,"BA","80 - 89","F",1
2020-04-15,"BA","80 - 89","M",1
2020-04-16,"BA","60 - 69","F",1
2020-04-16,"BA","70 - 79","M",1
2020-04-17,"BA","80 - 89","F",1
2020-04-19,"BA","40 - 49","F",1
2020-04-19,"BA","60 - 69","M",1
2020-04-19,"BA","80 - 89","M",1
2020-04-20,"BA","50 - 59","M",1
2020-04-20,"BA","70 - 79","F",1
2020-04-21,"BA","60 - 69","F",1
2020-04-21,"BA","70 - 79","M",1
2020-03-21,"CE","40 - 49","F",1
2020-03-22,"CE","50 - 59","M",1
2020-03-24,"CE","30 - 39","F",1
2020-03-24,"CE","50 - 59","F",2
2020-03-24,"CE","80 - 89","M",1
2020-03-25,"CE","60 - 69","F",1
2020-03-25,"CE","70 - 79","F",1
2020-03-25,"CE","90 - 99","M",1
2020-03-26,"CE","80 - 89","F",1
2020-03-27,"CE","80 - 89","M",1
2020-03-28,"CE","50 - 59","M",1
2020-03-28,"CE","70 - 79","M",1
2020-03-28,"CE","70 - 79","F",1
2020-03-29,"CE","30 - 39","M",1
2020-03-29,"CE","40 - 49","F",1
2020-03-29,"CE","60 - 69","M",1
2020-03-30,"CE","40 - 49","F",1
2020-03-30,"CE","90 - 99","F",1
2020-03-31,"CE","40 - 49","M",2
2020-03-31,"CE","50 - 59","F",1
2020-03-31,"CE","60 - 69","F",1
2020-03-31,"CE","70 - 79","F",1
2020-03-31,"CE","80 - 89","M",3
2020-03-31,"CE","80 - 89","F",1
2020-04-01,"CE","50 - 59","M",1
2020-04-01,"CE","50 - 59","F",1
2020-04-01,"CE","70 - 79","F",1
2020-04-01,"CE","90 - 99","M",1
2020-04-02,"CE","20 - 29","F",1
2020-04-02,"CE","20 - 29","M",1
2020-04-02,"CE","40 - 49","M",2
2020-04-02,"CE","70 - 79","M",1
2020-04-02,"CE","80 - 89","F",1
2020-04-02,"CE","80 - 89","M",1
2020-04-02,"CE","90 - 99","M",1
2020-04-03,"CE","30 - 39","M",1
2020-04-03,"CE","50 - 59","M",1
2020-04-03,"CE","70 - 79","F",1
2020-04-03,"CE","70 - 79","M",3
2020-04-03,"CE","80 - 89","F",1
2020-04-03,"CE","80 - 89","M",1
2020-04-03,"CE","90 - 99","F",2
2020-04-04,"CE","50 - 59","M",1
2020-04-04,"CE","60 - 69","F",2
2020-04-04,"CE","60 - 69","M",1
2020-04-04,"CE","70 - 79","M",2
2020-04-05,"CE","40 - 49","M",2
2020-04-05,"CE","50 - 59","M",1
2020-04-05,"CE","60 - 69","F",1
2020-04-05,"CE","70 - 79","M",2
2020-04-05,"CE","70 - 79","F",2
2020-04-05,"CE","80 - 89","F",2
2020-04-06,"CE","< 9","F",1
2020-04-06,"CE","30 - 39","M",1
2020-04-06,"CE","40 - 49","M",1
2020-04-06,"CE","60 - 69","F",1
2020-04-06,"CE","60 - 69","M",1
2020-04-06,"CE","70 - 79","F",2
2020-04-06,"CE","80 - 89","M",4
2020-04-06,"CE","80 - 89","F",1
2020-04-07,"CE","60 - 69","F",1
2020-04-07,"CE","70 - 79","M",1
2020-04-07,"CE","80 - 89","F",1
2020-04-07,"CE","80 - 89","M",1
2020-04-08,"CE","50 - 59","F",1
2020-04-08,"CE","50 - 59","M",1
2020-04-08,"CE","60 - 69","F",2
2020-04-08,"CE","70 - 79","M",2
2020-04-08,"CE","70 - 79","F",1
2020-04-08,"CE","90 - 99","F",3
2020-04-09,"CE","20 - 29","M",2
2020-04-09,"CE","40 - 49","F",1
2020-04-09,"CE","50 - 59","M",1
2020-04-09,"CE","70 - 79","F",1
2020-04-09,"CE","80 - 89","M",2
2020-04-09,"CE","80 - 89","F",1
2020-04-09,"CE","90 - 99","F",2
2020-04-10,"CE","30 - 39","M",1
2020-04-10,"CE","50 - 59","F",1
2020-04-10,"CE","50 - 59","M",1
2020-04-10,"CE","60 - 69","F",1
2020-04-10,"CE","70 - 79","M",2
2020-04-10,"CE","80 - 89","F",2
2020-04-10,"CE","80 - 89","M",1
2020-04-11,"CE","40 - 49","F",1
2020-04-11,"CE","50 - 59","M",1
2020-04-11,"CE","60 - 69","M",1
2020-04-11,"CE","60 - 69","F",1
2020-04-11,"CE","70 - 79","M",3
2020-04-11,"CE","70 - 79","F",2
2020-04-11,"CE","80 - 89","F",2
2020-04-11,"CE","80 - 89","M",1
2020-04-12,"CE","30 - 39","M",1
2020-04-12,"CE","50 - 59","M",1
2020-04-12,"CE","60 - 69","F",2
2020-04-12,"CE","60 - 69","M",1
2020-04-12,"CE","70 - 79","M",4
2020-04-12,"CE","80 - 89","F",2
2020-04-12,"CE","80 - 89","M",2
2020-04-12,"CE","90 - 99","F",1
2020-04-12,"CE","90 - 99","M",1
2020-04-13,"CE","40 - 49","M",2
2020-04-13,"CE","50 - 59","F",2
2020-04-13,"CE","50 - 59","M",3
2020-04-13,"CE","60 - 69","M",3
2020-04-13,"CE","70 - 79","M",1
2020-04-13,"CE","70 - 79","F",1
2020-04-13,"CE","80 - 89","F",3
2020-04-13,"CE","80 - 89","M",1
2020-04-14,"CE","40 - 49","M",2
2020-04-14,"CE","50 - 59","M",1
2020-04-14,"CE","60 - 69","F",2
2020-04-14,"CE","70 - 79","M",3
2020-04-14,"CE","70 - 79","F",2
2020-04-14,"CE","80 - 89","F",2
2020-04-15,"CE","40 - 49","M",1
2020-04-15,"CE","50 - 59","M",1
2020-04-15,"CE","60 - 69","M",3
2020-04-15,"CE","70 - 79","M",3
2020-04-15,"CE","80 - 89","F",1
2020-04-15,"CE","80 - 89","M",1
2020-04-15,"CE","90 - 99","M",1
2020-04-15,"CE","90 - 99","F",1
2020-04-16,"CE","20 - 29","M",2
2020-04-16,"CE","40 - 49","M",2
2020-04-16,"CE","50 - 59","F",1
2020-04-16,"CE","60 - 69","M",4
2020-04-16,"CE","60 - 69","F",1
2020-04-16,"CE","70 - 79","M",2
2020-04-16,"CE","80 - 89","M",2
2020-04-16,"CE","> 100","F",1
2020-04-17,"CE","30 - 39","M",1
2020-04-17,"CE","50 - 59","F",1
2020-04-17,"CE","50 - 59","M",2
2020-04-17,"CE","60 - 69","M",2
2020-04-17,"CE","70 - 79","M",3
2020-04-17,"CE","70 - 79","F",1
2020-04-17,"CE","80 - 89","M",3
2020-04-17,"CE","80 - 89","F",3
2020-04-18,"CE","40 - 49","F",1
2020-04-18,"CE","50 - 59","M",2
2020-04-18,"CE","60 - 69","F",1
2020-04-18,"CE","60 - 69","M",3
2020-04-18,"CE","70 - 79","F",1
2020-04-18,"CE","70 - 79","M",1
2020-04-18,"CE","80 - 89","M",1
2020-04-18,"CE","80 - 89","F",2
2020-04-19,"CE","30 - 39","M",1
2020-04-19,"CE","50 - 59","M",2
2020-04-19,"CE","60 - 69","F",2
2020-04-19,"CE","70 - 79","F",2
2020-04-19,"CE","70 - 79","M",1
2020-04-19,"CE","80 - 89","M",2
2020-04-19,"CE","80 - 89","F",2
2020-04-19,"CE","90 - 99","F",1
2020-04-19,"CE","> 100","F",1
2020-04-20,"CE","50 - 59","M",1
2020-04-20,"CE","50 - 59","F",1
2020-04-20,"CE","60 - 69","M",5
2020-04-20,"CE","60 - 69","F",3
2020-04-20,"CE","70 - 79","F",4
2020-04-20,"CE","70 - 79","M",1
2020-04-20,"CE","80 - 89","F",1
2020-04-20,"CE","90 - 99","F",2
2020-04-21,"CE","40 - 49","M",1
2020-04-21,"CE","50 - 59","F",1
2020-04-21,"CE","60 - 69","M",2
2020-04-21,"CE","60 - 69","F",1
2020-04-21,"CE","70 - 79","M",2
2020-04-21,"CE","70 - 79","F",1
2020-04-21,"CE","80 - 89","M",2
2020-04-22,"CE","90 - 99","F",1
2020-03-24,"DF","60 - 69","F",1
2020-03-26,"DF","40 - 49","M",1
2020-03-26,"DF","70 - 79","F",1
2020-03-27,"DF","30 - 39","M",1
2020-03-27,"DF","80 - 89","M",1
2020-03-29,"DF","40 - 49","M",1
2020-03-29,"DF","70 - 79","M",1
2020-03-30,"DF","40 - 49","M",1
2020-03-30,"DF","60 - 69","F",1
2020-03-31,"DF","40 - 49","M",1
2020-03-31,"DF","50 - 59","M",1
2020-03-31,"DF","70 - 79","M",1
2020-03-31,"DF","80 - 89","F",1
2020-04-01,"DF","80 - 89","M",1
2020-04-02,"DF","50 - 59","M",1
2020-04-02,"DF","70 - 79","F",1
2020-04-02,"DF","80 - 89","M",1
2020-04-03,"DF","60 - 69","F",2
2020-04-04,"DF","50 - 59","M",1
2020-04-04,"DF","70 - 79","M",1
2020-04-04,"DF","80 - 89","M",1
2020-04-05,"DF","40 - 49","M",1
2020-04-05,"DF","80 - 89","M",2
2020-04-08,"DF","80 - 89","F",1
2020-04-11,"DF","30 - 39","M",1
2020-04-11,"DF","60 - 69","F",1
2020-04-12,"DF","60 - 69","M",1
2020-04-12,"DF","70 - 79","M",1
2020-04-12,"DF","90 - 99","M",1
2020-04-13,"DF","50 - 59","M",1
2020-04-14,"DF","70 - 79","F",2
2020-04-15,"DF","50 - 59","F",1
2020-04-15,"DF","80 - 89","M",1
2020-04-15,"DF","80 - 89","F",1
2020-04-17,"DF","60 - 69","F",1
2020-04-17,"DF","60 - 69","M",1
2020-04-17,"DF","70 - 79","M",1
2020-04-18,"DF","80 - 89","F",1
2020-04-20,"DF","< 9","F",1
2020-04-20,"DF","60 - 69","F",1
2020-04-22,"DF","80 - 89","M",1
2020-04-22,"DF","> 100","M",1
2020-04-01,"ES","20 - 29","F",1
2020-04-01,"ES","50 - 59","M",1
2020-04-01,"ES","60 - 69","F",1
2020-04-02,"ES","30 - 39","F",1
2020-04-02,"ES","60 - 69","F",1
2020-04-03,"ES","20 - 29","M",1
2020-04-04,"ES","30 - 39","M",1
2020-04-05,"ES","40 - 49","M",1
2020-04-05,"ES","60 - 69","F",1
2020-04-05,"ES","80 - 89","M",1
2020-04-08,"ES","60 - 69","M",1
2020-04-08,"ES","70 - 79","M",2
2020-04-09,"ES","70 - 79","F",1
2020-04-10,"ES","60 - 69","M",1
2020-04-10,"ES","80 - 89","M",1
2020-04-11,"ES","70 - 79","F",1
2020-04-12,"ES","60 - 69","M",1
2020-04-12,"ES","80 - 89","M",1
2020-04-12,"ES","80 - 89","F",2
2020-04-13,"ES","80 - 89","F",1
2020-04-14,"ES","40 - 49","M",1
2020-04-14,"ES","50 - 59","F",1
2020-04-15,"ES","60 - 69","F",1
2020-04-15,"ES","70 - 79","F",1
2020-04-16,"ES","60 - 69","F",1
2020-04-16,"ES","70 - 79","M",1
2020-04-16,"ES","80 - 89","F",1
2020-04-16,"ES","80 - 89","M",1
2020-04-17,"ES","40 - 49","F",1
2020-04-17,"ES","80 - 89","M",1
2020-04-18,"ES","90 - 99","F",1
2020-04-20,"ES","70 - 79","F",1
2020-04-21,"ES","70 - 79","F",1
2020-04-22,"ES","50 - 59","M",1
2020-04-22,"ES","60 - 69","M",1
2020-04-22,"ES","70 - 79","M",1
2020-04-22,"ES","90 - 99","F",1
2020-04-23,"ES","30 - 39","M",1
2020-04-23,"ES","40 - 49","F",1
2020-04-23,"ES","50 - 59","F",1
2020-04-23,"ES","60 - 69","M",1
2020-03-27,"GO","50 - 59","F",1
2020-03-27,"GO","60 - 69","M",1
2020-03-28,"GO","20 - 29","M",1
2020-03-29,"GO","80 - 89","F",1
2020-03-30,"GO","80 - 89","M",1
2020-03-31,"GO","70 - 79","F",1
2020-03-31,"GO","80 - 89","M",1
2020-04-01,"GO","60 - 69","F",1
2020-04-02,"GO","70 - 79","F",1
2020-04-03,"GO","80 - 89","F",1
2020-04-04,"GO","30 - 39","F",1
2020-04-04,"GO","70 - 79","M",1
2020-04-04,"GO","70 - 79","F",1
2020-04-05,"GO","40 - 49","M",1
2020-04-05,"GO","50 - 59","F",3
2020-04-05,"GO","60 - 69","M",1
2020-04-05,"GO","70 - 79","M",2
2020-04-05,"GO","80 - 89","M",1
2020-04-06,"GO","20 - 29","F",1
2020-04-06,"GO","60 - 69","M",1
2020-04-06,"GO","70 - 79","M",1
2020-04-07,"GO","60 - 69","M",4
2020-04-08,"GO","60 - 69","M",1
2020-04-08,"GO","70 - 79","M",2
2020-04-08,"GO","80 - 89","M",1
2020-04-08,"GO","80 - 89","F",1
2020-04-10,"GO","70 - 79","M",1
2020-04-10,"GO","70 - 79","F",1
2020-04-10,"GO","80 - 89","F",1
2020-04-11,"GO","60 - 69","M",1
2020-04-11,"GO","80 - 89","M",1
2020-04-12,"GO","40 - 49","F",2
2020-04-12,"GO","60 - 69","F",1
2020-04-12,"GO","80 - 89","M",1
2020-04-14,"GO","70 - 79","F",2
2020-04-17,"GO","90 - 99","M",1
2020-04-18,"GO","70 - 79","F",1
2020-04-18,"GO","70 - 79","M",1
2020-04-19,"GO","70 - 79","M",1
2020-04-20,"GO","20 - 29","M",1
2020-04-20,"GO","60 - 69","M",1
2020-04-21,"GO","40 - 49","F",1
2020-04-07,"MA","10 - 19","F",2
2020-04-07,"MA","60 - 69","M",1
2020-04-07,"MA","70 - 79","F",2
2020-04-07,"MA","70 - 79","M",1
2020-04-08,"MA","30 - 39","M",1
2020-04-11,"MA","60 - 69","M",1
2020-04-11,"MA","70 - 79","M",1
2020-04-12,"MA","60 - 69","M",3
2020-04-12,"MA","80 - 89","F",1
2020-04-13,"MA","10 - 19","M",1
2020-04-13,"MA","80 - 89","F",1
2020-04-14,"MA","60 - 69","F",1
2020-04-15,"MA","60 - 69","M",3
2020-04-17,"MA","30 - 39","M",2
2020-04-17,"MA","50 - 59","M",2
2020-04-17,"MA","60 - 69","M",1
2020-04-17,"MA","70 - 79","M",2
2020-04-17,"MA","70 - 79","F",1
2020-04-17,"MA","80 - 89","M",1
2020-04-18,"MA","40 - 49","M",3
2020-04-18,"MA","50 - 59","F",1
2020-04-18,"MA","60 - 69","M",1
2020-04-18,"MA","60 - 69","F",1
2020-04-18,"MA","70 - 79","M",2
2020-04-18,"MA","80 - 89","F",1
2020-04-18,"MA","90 - 99","M",1
2020-04-19,"MA","10 - 19","M",2
2020-04-19,"MA","60 - 69","F",1
2020-04-19,"MA","70 - 79","M",1
2020-04-20,"MA","60 - 69","M",1
2020-04-21,"MA","30 - 39","F",1
2020-04-21,"MA","40 - 49","F",1
2020-04-21,"MA","60 - 69","M",1
2020-04-21,"MA","70 - 79","M",2
2020-04-21,"MA","80 - 89","M",2
2020-04-22,"MA","20 - 29","M",1
2020-04-22,"MA","30 - 39","F",1
2020-04-23,"MA","70 - 79","M",1
2020-03-22,"MG","60 - 69","M",1
2020-03-22,"MG","80 - 89","M",1
2020-03-24,"MG","70 - 79","M",1
2020-03-25,"MG","10 - 19","M",1
2020-03-25,"MG","60 - 69","F",1
2020-03-26,"MG","60 - 69","M",1
2020-03-26,"MG","70 - 79","M",1
2020-03-27,"MG","50 - 59","F",1
2020-03-27,"MG","60 - 69","M",1
2020-03-27,"MG","80 - 89","M",1
2020-03-28,"MG","10 - 19","M",1
2020-03-28,"MG","80 - 89","M",1
2020-03-29,"MG","40 - 49","F",1
2020-03-29,"MG","60 - 69","M",1
2020-03-29,"MG","70 - 79","M",1
2020-03-29,"MG","70 - 79","F",1
2020-03-29,"MG","80 - 89","F",1
2020-03-30,"MG","40 - 49","M",1
2020-03-30,"MG","80 - 89","F",1
2020-03-30,"MG","80 - 89","M",1
2020-03-31,"MG","50 - 59","M",1
2020-03-31,"MG","70 - 79","F",2
2020-04-01,"MG","60 - 69","M",3
2020-04-01,"MG","70 - 79","F",1
2020-04-01,"MG","70 - 79","M",3
2020-04-02,"MG","50 - 59","M",1
2020-04-02,"MG","60 - 69","M",1
2020-04-02,"MG","60 - 69","F",1
2020-04-02,"MG","80 - 89","F",2
2020-04-02,"MG","90 - 99","F",2
2020-04-03,"MG","40 - 49","M",1
2020-04-03,"MG","60 - 69","M",1
2020-04-03,"MG","70 - 79","F",1
2020-04-03,"MG","70 - 79","M",3
2020-04-03,"MG","80 - 89","M",1
2020-04-03,"MG","90 - 99","M",2
2020-04-04,"MG","60 - 69","M",1
2020-04-04,"MG","70 - 79","F",1
2020-04-05,"MG","40 - 49","F",1
2020-04-05,"MG","40 - 49","M",1
2020-04-05,"MG","50 - 59","F",1
2020-04-05,"MG","60 - 69","M",1
2020-04-05,"MG","70 - 79","M",2
2020-04-05,"MG","90 - 99","F",1
2020-04-06,"MG","60 - 69","F",1
2020-04-06,"MG","60 - 69","M",1
2020-04-06,"MG","70 - 79","F",1
2020-04-07,"MG","20 - 29","F",1
2020-04-07,"MG","60 - 69","M",1
2020-04-07,"MG","70 - 79","M",1
2020-04-07,"MG","80 - 89","F",1
2020-04-08,"MG","30 - 39","M",1
2020-04-08,"MG","40 - 49","F",1
2020-04-08,"MG","50 - 59","M",2
2020-04-08,"MG","60 - 69","F",2
2020-04-08,"MG","60 - 69","M",1
2020-04-08,"MG","80 - 89","M",1
2020-04-08,"MG","80 - 89","F",1
2020-04-08,"MG","90 - 99","F",1
2020-04-09,"MG","70 - 79","F",1
2020-04-09,"MG","80 - 89","M",1
2020-04-10,"MG","50 - 59","M",1
2020-04-10,"MG","70 - 79","F",1
2020-04-10,"MG","70 - 79","M",1
2020-04-10,"MG","80 - 89","F",2
2020-04-10,"MG","> 100","F",1
2020-04-11,"MG","40 - 49","F",1
2020-04-11,"MG","80 - 89","M",2
2020-04-11,"MG","90 - 99","F",1
2020-04-12,"MG","20 - 29","F",1
2020-04-12,"MG","40 - 49","F",1
2020-04-12,"MG","80 - 89","M",1
2020-04-14,"MG","60 - 69","M",2
2020-04-14,"MG","80 - 89","F",1
2020-04-15,"MG","20 - 29","F",1
2020-04-15,"MG","40 - 49","M",1
2020-04-15,"MG","60 - 69","M",1
2020-04-15,"MG","60 - 69","F",1
2020-04-15,"MG","80 - 89","M",1
2020-04-15,"MG","80 - 89","F",2
2020-04-16,"MG","60 - 69","M",2
2020-04-16,"MG","70 - 79","M",1
2020-04-17,"MG","80 - 89","F",1
2020-04-18,"MG","50 - 59","M",1
2020-04-18,"MG","70 - 79","M",1
2020-04-18,"MG","90 - 99","F",1
2020-04-19,"MG","70 - 79","M",1
2020-04-20,"MG","80 - 89","M",1
2020-04-01,"MS","20 - 29","M",1
2020-04-07,"MS","40 - 49","M",1
2020-04-13,"MS","60 - 69","F",1
2020-04-03,"MT","50 - 59","M",1
2020-04-04,"MT","10 - 19","F",1
2020-04-08,"MT","10 - 19","M",1
2020-04-21,"MT","20 - 29","M",1
2020-04-03,"PA","70 - 79","F",1
2020-04-05,"PA","40 - 49","M",1
2020-04-09,"PA","50 - 59","M",1
2020-04-13,"PA","70 - 79","F",1
2020-04-14,"PA","40 - 49","F",1
2020-04-14,"PA","40 - 49","M",1
2020-04-16,"PA","80 - 89","M",1
2020-04-18,"PA","50 - 59","M",1
2020-04-18,"PA","90 - 99","M",1
2020-04-19,"PA","40 - 49","M",1
2020-04-19,"PA","70 - 79","F",1
2020-04-20,"PA","70 - 79","M",1
2020-04-21,"PA","80 - 89","M",1
2020-04-22,"PA","60 - 69","F",1
2020-03-30,"PB","70 - 79","F",1
2020-03-31,"PB","30 - 39","M",1
2020-04-01,"PB","50 - 59","M",1
2020-04-05,"PB","80 - 89","M",1
2020-04-08,"PB","50 - 59","F",1
2020-04-10,"PB","70 - 79","M",1
2020-04-11,"PB","50 - 59","F",1
2020-04-12,"PB","80 - 89","F",1
2020-04-13,"PB","50 - 59","M",1
2020-04-13,"PB","60 - 69","M",1
2020-04-14,"PB","60 - 69","M",1
2020-04-14,"PB","70 - 79","F",1
2020-04-15,"PB","50 - 59","F",1
2020-04-15,"PB","60 - 69","F",1
2020-04-16,"PB","60 - 69","M",1
2020-04-16,"PB","90 - 99","F",1
2020-04-17,"PB","80 - 89","F",1
2020-04-18,"PB","40 - 49","M",1
2020-04-18,"PB","80 - 89","M",1
2020-04-19,"PB","40 - 49","F",1
2020-04-20,"PB","70 - 79","M",1
2020-04-21,"PB","80 - 89","F",1
2020-03-20,"PE","70 - 79","F",1
2020-03-23,"PE","50 - 59","M",1
2020-03-25,"PE","80 - 89","M",1
2020-03-26,"PE","30 - 39","F",1
2020-03-26,"PE","60 - 69","M",1
2020-03-27,"PE","60 - 69","F",1
2020-03-29,"PE","60 - 69","M",1
2020-03-30,"PE","60 - 69","M",1
2020-04-01,"PE","60 - 69","M",1
2020-04-01,"PE","90 - 99","F",1
2020-04-03,"PE","60 - 69","M",1
2020-04-04,"PE","50 - 59","F",3
2020-04-04,"PE","70 - 79","M",1
2020-04-05,"PE","30 - 39","F",1
2020-04-05,"PE","60 - 69","F",1
2020-04-05,"PE","70 - 79","M",2
2020-04-05,"PE","70 - 79","F",1
2020-04-06,"PE","20 - 29","F",1
2020-04-06,"PE","60 - 69","F",1
2020-04-06,"PE","80 - 89","M",1
2020-04-07,"PE","60 - 69","F",3
2020-04-07,"PE","90 - 99","M",1
2020-04-08,"PE","60 - 69","F",2
2020-04-08,"PE","70 - 79","M",1
2020-04-09,"PE","60 - 69","M",1
2020-04-09,"PE","80 - 89","F",1
2020-04-09,"PE","80 - 89","M",1
2020-04-10,"PE","10 - 19","F",1
2020-04-10,"PE","20 - 29","F",1
2020-04-10,"PE","50 - 59","M",2
2020-04-10,"PE","60 - 69","M",1
2020-04-10,"PE","90 - 99","M",1
2020-04-11,"PE","30 - 39","M",1
2020-04-11,"PE","80 - 89","F",2
2020-04-11,"PE","80 - 89","M",1
2020-04-12,"PE","10 - 19","M",1
2020-04-12,"PE","30 - 39","M",1
2020-04-12,"PE","40 - 49","M",1
2020-04-12,"PE","50 - 59","M",1
2020-04-12,"PE","60 - 69","F",1
2020-04-12,"PE","70 - 79","F",1
2020-04-12,"PE","80 - 89","F",1
2020-04-12,"PE","90 - 99","F",1
2020-04-13,"PE","40 - 49","F",1
2020-04-13,"PE","70 - 79","M",2
2020-04-13,"PE","70 - 79","F",1
2020-04-13,"PE","80 - 89","M",2
2020-04-13,"PE","> 100","F",1
2020-04-14,"PE","40 - 49","F",1
2020-04-14,"PE","40 - 49","M",1
2020-04-14,"PE","50 - 59","M",1
2020-04-14,"PE","60 - 69","M",1
2020-04-14,"PE","70 - 79","F",1
2020-04-14,"PE","70 - 79","M",3
2020-04-14,"PE","80 - 89","F",2
2020-04-15,"PE","20 - 29","F",1
2020-04-15,"PE","30 - 39","M",1
2020-04-15,"PE","50 - 59","M",1
2020-04-15,"PE","60 - 69","M",2
2020-04-15,"PE","60 - 69","F",1
2020-04-15,"PE","70 - 79","F",3
2020-04-15,"PE","90 - 99","F",1
2020-04-16,"PE","10 - 19","M",1
2020-04-16,"PE","40 - 49","M",1
2020-04-16,"PE","60 - 69","F",1
2020-04-16,"PE","70 - 79","M",3
2020-04-16,"PE","80 - 89","F",2
2020-04-17,"PE","40 - 49","M",2
2020-04-17,"PE","70 - 79","F",2
2020-04-17,"PE","80 - 89","M",2
2020-04-18,"PE","30 - 39","M",1
2020-04-18,"PE","60 - 69","M",4
2020-04-18,"PE","70 - 79","M",1
2020-04-18,"PE","70 - 79","F",2
2020-04-18,"PE","80 - 89","M",1
2020-04-18,"PE","90 - 99","F",2
2020-04-19,"PE","50 - 59","F",1
2020-04-19,"PE","60 - 69","M",2
2020-04-19,"PE","70 - 79","F",1
2020-04-19,"PE","70 - 79","M",2
2020-04-19,"PE","80 - 89","F",3
2020-04-19,"PE","80 - 89","M",2
2020-04-19,"PE","90 - 99","M",2
2020-04-20,"PE","50 - 59","F",1
2020-04-20,"PE","60 - 69","M",2
2020-04-20,"PE","60 - 69","F",1
2020-04-20,"PE","70 - 79","M",3
2020-04-20,"PE","80 - 89","F",2
2020-04-20,"PE","80 - 89","M",1
2020-04-21,"PE","60 - 69","M",3
2020-04-21,"PE","70 - 79","F",1
2020-04-21,"PE","80 - 89","F",1
2020-04-21,"PE","90 - 99","F",1
2020-04-22,"PE","50 - 59","M",1
2020-04-22,"PE","70 - 79","M",1
2020-04-22,"PE","90 - 99","M",1
2020-04-23,"PE","40 - 49","M",1
2020-04-23,"PE","50 - 59","M",1
2020-04-23,"PE","70 - 79","F",1
2020-03-24,"PI","50 - 59","M",1
2020-03-27,"PI","50 - 59","M",1
2020-04-07,"PI","60 - 69","M",1
2020-04-13,"PI","30 - 39","M",1
2020-03-19,"PR","80 - 89","F",1
2020-03-22,"PR","70 - 79","F",1
2020-03-30,"PR","60 - 69","M",1
2020-03-31,"PR","70 - 79","M",2
2020-04-01,"PR","70 - 79","F",1
2020-04-03,"PR","30 - 39","M",1
2020-04-03,"PR","40 - 49","M",1
2020-04-03,"PR","80 - 89","M",1
2020-04-04,"PR","40 - 49","F",1
2020-04-04,"PR","50 - 59","M",1
2020-04-04,"PR","80 - 89","F",1
2020-04-04,"PR","90 - 99","M",1
2020-04-05,"PR","60 - 69","M",1
2020-04-05,"PR","70 - 79","F",1
2020-04-06,"PR","50 - 59","F",1
2020-04-06,"PR","60 - 69","F",1
2020-04-06,"PR","60 - 69","M",1
2020-04-06,"PR","70 - 79","F",1
2020-04-06,"PR","80 - 89","F",1
2020-04-06,"PR","90 - 99","M",1
2020-04-07,"PR","60 - 69","M",1
2020-04-07,"PR","70 - 79","M",1
2020-04-08,"PR","50 - 59","M",2
2020-04-08,"PR","80 - 89","M",2
2020-04-08,"PR","90 - 99","F",1
2020-04-09,"PR","70 - 79","M",1
2020-04-09,"PR","90 - 99","F",1
2020-04-10,"PR","50 - 59","M",1
2020-04-11,"PR","70 - 79","M",1
2020-04-11,"PR","70 - 79","F",2
2020-04-12,"PR","60 - 69","M",1
2020-04-13,"PR","50 - 59","F",1
2020-04-13,"PR","70 - 79","M",3
2020-04-14,"PR","70 - 79","F",2
2020-04-14,"PR","80 - 89","M",1
2020-04-15,"PR","30 - 39","M",1
2020-04-15,"PR","50 - 59","M",1
2020-04-15,"PR","80 - 89","F",3
2020-04-15,"PR","80 - 89","M",1
2020-04-16,"PR","70 - 79","F",1
2020-04-17,"PR","30 - 39","M",1
2020-04-17,"PR","60 - 69","M",2
2020-04-17,"PR","70 - 79","M",2
2020-04-18,"PR","40 - 49","M",1
2020-04-18,"PR","60 - 69","F",1
2020-04-18,"PR","60 - 69","M",1
2020-04-18,"PR","70 - 79","F",1
2020-04-19,"PR","50 - 59","M",1
2020-04-19,"PR","70 - 79","F",1
2020-04-19,"PR","90 - 99","M",1
2020-04-20,"PR","50 - 59","M",1
2020-04-20,"PR","60 - 69","M",1
2020-04-20,"PR","60 - 69","F",1
2020-04-21,"PR","60 - 69","M",1
2020-04-21,"PR","90 - 99","M",1
2020-04-22,"PR","60 - 69","M",1
2020-04-22,"PR","70 - 79","F",1
2020-04-22,"PR","90 - 99","F",1
2020-03-19,"RJ","40 - 49","F",1
2020-03-20,"RJ","60 - 69","M",1
2020-03-21,"RJ","60 - 69","F",1
2020-03-22,"RJ","50 - 59","F",1
2020-03-23,"RJ","60 - 69","F",1
2020-03-24,"RJ","30 - 39","F",1
2020-03-25,"RJ","10 - 19","M",1
2020-03-25,"RJ","60 - 69","M",1
2020-03-25,"RJ","70 - 79","F",1
2020-03-25,"RJ","70 - 79","M",1
2020-03-25,"RJ","80 - 89","F",1
2020-03-26,"RJ","60 - 69","M",1
2020-03-26,"RJ","70 - 79","M",2
2020-03-26,"RJ","90 - 99","M",2
2020-03-27,"RJ","40 - 49","M",1
2020-03-27,"RJ","60 - 69","M",1
2020-03-27,"RJ","60 - 69","F",1
2020-03-27,"RJ","70 - 79","M",2
2020-03-28,"RJ","50 - 59","F",1
2020-03-28,"RJ","60 - 69","F",2
2020-03-28,"RJ","60 - 69","M",1
2020-03-28,"RJ","70 - 79","F",2
2020-03-28,"RJ","80 - 89","M",1
2020-03-29,"RJ","50 - 59","F",1
2020-03-29,"RJ","60 - 69","F",1
2020-03-29,"RJ","60 - 69","M",1
2020-03-29,"RJ","70 - 79","M",1
2020-03-30,"RJ","50 - 59","F",1
2020-03-30,"RJ","60 - 69","M",3
2020-03-30,"RJ","70 - 79","F",2
2020-03-30,"RJ","70 - 79","M",2
2020-03-30,"RJ","80 - 89","M",2
2020-03-30,"RJ","90 - 99","M",1
2020-03-31,"RJ","30 - 39","F",1
2020-03-31,"RJ","40 - 49","F",2
2020-03-31,"RJ","50 - 59","F",2
2020-03-31,"RJ","60 - 69","F",3
2020-03-31,"RJ","60 - 69","M",1
2020-03-31,"RJ","70 - 79","F",1
2020-03-31,"RJ","70 - 79","M",2
2020-03-31,"RJ","80 - 89","M",3
2020-03-31,"RJ","80 - 89","F",2
2020-03-31,"RJ","90 - 99","F",1
2020-04-01,"RJ","30 - 39","M",1
2020-04-01,"RJ","40 - 49","M",2
2020-04-01,"RJ","50 - 59","M",2
2020-04-01,"RJ","60 - 69","M",1
2020-04-01,"RJ","60 - 69","F",2
2020-04-01,"RJ","70 - 79","F",2
2020-04-01,"RJ","70 - 79","M",1
2020-04-01,"RJ","80 - 89","F",3
2020-04-01,"RJ","80 - 89","M",2
2020-04-01,"RJ","90 - 99","M",1
2020-04-02,"RJ","40 - 49","M",2
2020-04-02,"RJ","50 - 59","M",1
2020-04-02,"RJ","50 - 59","F",1
2020-04-02,"RJ","60 - 69","F",1
2020-04-02,"RJ","60 - 69","M",1
2020-04-02,"RJ","70 - 79","F",3
2020-04-02,"RJ","70 - 79","M",1
2020-04-02,"RJ","80 - 89","M",3
2020-04-02,"RJ","80 - 89","F",1
2020-04-03,"RJ","20 - 29","F",2
2020-04-03,"RJ","20 - 29","M",1
2020-04-03,"RJ","40 - 49","M",3
2020-04-03,"RJ","50 - 59","F",1
2020-04-03,"RJ","50 - 59","M",2
2020-04-03,"RJ","60 - 69","M",2
2020-04-03,"RJ","70 - 79","F",1
2020-04-03,"RJ","70 - 79","M",3
2020-04-03,"RJ","80 - 89","F",2
2020-04-03,"RJ","80 - 89","M",4
2020-04-03,"RJ","90 - 99","M",2
2020-04-03,"RJ","90 - 99","F",2
2020-04-04,"RJ","10 - 19","F",1
2020-04-04,"RJ","20 - 29","F",1
2020-04-04,"RJ","30 - 39","M",1
2020-04-04,"RJ","40 - 49","F",1
2020-04-04,"RJ","40 - 49","M",3
2020-04-04,"RJ","50 - 59","F",1
2020-04-04,"RJ","50 - 59","M",2
2020-04-04,"RJ","60 - 69","F",1
2020-04-04,"RJ","60 - 69","M",2
2020-04-04,"RJ","70 - 79","M",2
2020-04-04,"RJ","70 - 79","F",1
2020-04-04,"RJ","80 - 89","F",1
2020-04-04,"RJ","80 - 89","M",2
2020-04-04,"RJ","90 - 99","M",2
2020-04-04,"RJ","90 - 99","F",1
2020-04-05,"RJ","30 - 39","M",1
2020-04-05,"RJ","40 - 49","M",1
2020-04-05,"RJ","50 - 59","M",2
2020-04-05,"RJ","60 - 69","F",4
2020-04-05,"RJ","60 - 69","M",8
2020-04-05,"RJ","70 - 79","M",2
2020-04-05,"RJ","70 - 79","F",3
2020-04-05,"RJ","80 - 89","F",4
2020-04-05,"RJ","80 - 89","M",3
2020-04-05,"RJ","90 - 99","M",1
2020-04-06,"RJ","30 - 39","M",4
2020-04-06,"RJ","50 - 59","F",2
2020-04-06,"RJ","50 - 59","M",2
2020-04-06,"RJ","60 - 69","F",2
2020-04-06,"RJ","70 - 79","M",6
2020-04-06,"RJ","70 - 79","F",4
2020-04-06,"RJ","80 - 89","M",3
2020-04-07,"RJ","10 - 19","M",1
2020-04-07,"RJ","40 - 49","M",1
2020-04-07,"RJ","40 - 49","F",2
2020-04-07,"RJ","50 - 59","M",2
2020-04-07,"RJ","60 - 69","F",5
2020-04-07,"RJ","70 - 79","M",3
2020-04-07,"RJ","70 - 79","F",2
2020-04-07,"RJ","80 - 89","F",4
2020-04-07,"RJ","80 - 89","M",2
2020-04-07,"RJ","90 - 99","M",1
2020-04-07,"RJ","90 - 99","F",2
2020-04-08,"RJ","40 - 49","M",1
2020-04-08,"RJ","40 - 49","F",1
2020-04-08,"RJ","50 - 59","F",3
2020-04-08,"RJ","50 - 59","M",5
2020-04-08,"RJ","60 - 69","M",4
2020-04-08,"RJ","60 - 69","F",2
2020-04-08,"RJ","70 - 79","M",6
2020-04-08,"RJ","70 - 79","F",5
2020-04-08,"RJ","80 - 89","F",1
2020-04-08,"RJ","90 - 99","M",1
2020-04-08,"RJ","90 - 99","F",3
2020-04-09,"RJ","< 9","F",1
2020-04-09,"RJ","20 - 29","F",1
2020-04-09,"RJ","40 - 49","F",1
2020-04-09,"RJ","50 - 59","M",3
2020-04-09,"RJ","50 - 59","F",4
2020-04-09,"RJ","60 - 69","M",5
2020-04-09,"RJ","60 - 69","F",1
2020-04-09,"RJ","70 - 79","M",5
2020-04-09,"RJ","80 - 89","M",4
2020-04-09,"RJ","80 - 89","F",1
2020-04-09,"RJ","90 - 99","F",1
2020-04-10,"RJ","30 - 39","M",1
2020-04-10,"RJ","40 - 49","M",2
2020-04-10,"RJ","50 - 59","M",4
2020-04-10,"RJ","50 - 59","F",1
2020-04-10,"RJ","60 - 69","M",3
2020-04-10,"RJ","60 - 69","F",2
2020-04-10,"RJ","70 - 79","F",2
2020-04-10,"RJ","70 - 79","M",3
2020-04-10,"RJ","80 - 89","F",3
2020-04-10,"RJ","80 - 89","M",4
2020-04-10,"RJ","90 - 99","F",2
2020-04-11,"RJ","20 - 29","M",1
2020-04-11,"RJ","30 - 39","M",2
2020-04-11,"RJ","40 - 49","F",3
2020-04-11,"RJ","40 - 49","M",6
2020-04-11,"RJ","50 - 59","M",1
2020-04-11,"RJ","60 - 69","F",5
2020-04-11,"RJ","60 - 69","M",4
2020-04-11,"RJ","70 - 79","M",3
2020-04-11,"RJ","70 - 79","F",5
2020-04-11,"RJ","80 - 89","M",3
2020-04-11,"RJ","80 - 89","F",1
2020-04-11,"RJ","90 - 99","F",4
2020-04-11,"RJ","90 - 99","M",1
2020-04-12,"RJ","20 - 29","M",1
2020-04-12,"RJ","30 - 39","M",2
2020-04-12,"RJ","30 - 39","F",1
2020-04-12,"RJ","40 - 49","M",1
2020-04-12,"RJ","40 - 49","F",1
2020-04-12,"RJ","50 - 59","M",4
2020-04-12,"RJ","50 - 59","F",2
2020-04-12,"RJ","60 - 69","F",5
2020-04-12,"RJ","60 - 69","M",4
2020-04-12,"RJ","70 - 79","M",12
2020-04-12,"RJ","70 - 79","F",4
2020-04-12,"RJ","80 - 89","M",7
2020-04-12,"RJ","80 - 89","F",8
2020-04-12,"RJ","90 - 99","F",3
2020-04-12,"RJ","90 - 99","M",2
2020-04-13,"RJ","20 - 29","F",1
2020-04-13,"RJ","30 - 39","M",2
2020-04-13,"RJ","40 - 49","M",5
2020-04-13,"RJ","40 - 49","F",3
2020-04-13,"RJ","50 - 59","M",4
2020-04-13,"RJ","50 - 59","F",3
2020-04-13,"RJ","60 - 69","M",6
2020-04-13,"RJ","60 - 69","F",4
2020-04-13,"RJ","70 - 79","F",3
2020-04-13,"RJ","70 - 79","M",5
2020-04-13,"RJ","80 - 89","F",3
2020-04-13,"RJ","80 - 89","M",4
2020-04-13,"RJ","90 - 99","M",2
2020-04-13,"RJ","90 - 99","F",2
2020-04-14,"RJ","30 - 39","F",1
2020-04-14,"RJ","30 - 39","M",2
2020-04-14,"RJ","40 - 49","M",4
2020-04-14,"RJ","40 - 49","F",1
2020-04-14,"RJ","50 - 59","M",5
2020-04-14,"RJ","50 - 59","F",4
2020-04-14,"RJ","60 - 69","M",6
2020-04-14,"RJ","60 - 69","F",1
2020-04-14,"RJ","70 - 79","F",4
2020-04-14,"RJ","70 - 79","M",2
2020-04-14,"RJ","80 - 89","F",5
2020-04-14,"RJ","80 - 89","M",7
2020-04-15,"RJ","20 - 29","F",1
2020-04-15,"RJ","30 - 39","M",2
2020-04-15,"RJ","30 - 39","F",2
2020-04-15,"RJ","40 - 49","M",4
2020-04-15,"RJ","40 - 49","F",2
2020-04-15,"RJ","50 - 59","M",5
2020-04-15,"RJ","50 - 59","F",2
2020-04-15,"RJ","60 - 69","M",11
2020-04-15,"RJ","60 - 69","F",6
2020-04-15,"RJ","70 - 79","M",9
2020-04-15,"RJ","70 - 79","F",4
2020-04-15,"RJ","80 - 89","F",5
2020-04-15,"RJ","80 - 89","M",6
2020-04-15,"RJ","90 - 99","M",3
2020-04-15,"RJ","90 - 99","F",2
2020-04-16,"RJ","20 - 29","M",2
2020-04-16,"RJ","30 - 39","F",1
2020-04-16,"RJ","30 - 39","M",1
2020-04-16,"RJ","40 - 49","F",2
2020-04-16,"RJ","40 - 49","M",8
2020-04-16,"RJ","50 - 59","M",3
2020-04-16,"RJ","50 - 59","F",1
2020-04-16,"RJ","60 - 69","F",5
2020-04-16,"RJ","60 - 69","M",10
2020-04-16,"RJ","70 - 79","M",15
2020-04-16,"RJ","70 - 79","F",1
2020-04-16,"RJ","80 - 89","F",4
2020-04-16,"RJ","80 - 89","M",1
2020-04-16,"RJ","90 - 99","M",3
2020-04-16,"RJ","90 - 99","F",1
2020-04-17,"RJ","20 - 29","F",1
2020-04-17,"RJ","20 - 29","M",1
2020-04-17,"RJ","30 - 39","M",1
2020-04-17,"RJ","40 - 49","M",5
2020-04-17,"RJ","40 - 49","F",4
2020-04-17,"RJ","50 - 59","M",5
2020-04-17,"RJ","50 - 59","F",2
2020-04-17,"RJ","60 - 69","M",4
2020-04-17,"RJ","60 - 69","F",5
2020-04-17,"RJ","70 - 79","M",5
2020-04-17,"RJ","70 - 79","F",3
2020-04-17,"RJ","80 - 89","F",10
2020-04-17,"RJ","80 - 89","M",6
2020-04-17,"RJ","90 - 99","F",3
2020-04-17,"RJ","90 - 99","M",2
2020-04-18,"RJ","20 - 29","F",1
2020-04-18,"RJ","30 - 39","M",1
2020-04-18,"RJ","30 - 39","F",2
2020-04-18,"RJ","40 - 49","M",1
2020-04-18,"RJ","40 - 49","F",5
2020-04-18,"RJ","50 - 59","M",9
2020-04-18,"RJ","50 - 59","F",1
2020-04-18,"RJ","60 - 69","M",11
2020-04-18,"RJ","60 - 69","F",3
2020-04-18,"RJ","70 - 79","M",12
2020-04-18,"RJ","70 - 79","F",5
2020-04-18,"RJ","80 - 89","M",9
2020-04-18,"RJ","80 - 89","F",8
2020-04-18,"RJ","90 - 99","M",2
2020-04-18,"RJ","90 - 99","F",4
2020-04-19,"RJ","30 - 39","F",3
2020-04-19,"RJ","30 - 39","M",1
2020-04-19,"RJ","40 - 49","M",7
2020-04-19,"RJ","40 - 49","F",1
2020-04-19,"RJ","50 - 59","M",3
2020-04-19,"RJ","50 - 59","F",5
2020-04-19,"RJ","60 - 69","M",9
2020-04-19,"RJ","60 - 69","F",7
2020-04-19,"RJ","70 - 79","F",7
2020-04-19,"RJ","70 - 79","M",15
2020-04-19,"RJ","80 - 89","F",6
2020-04-19,"RJ","80 - 89","M",6
2020-04-19,"RJ","90 - 99","F",3
2020-04-19,"RJ","90 - 99","M",4
2020-04-20,"RJ","10 - 19","M",1
2020-04-20,"RJ","10 - 19","F",1
2020-04-20,"RJ","30 - 39","M",3
2020-04-20,"RJ","30 - 39","F",1
2020-04-20,"RJ","40 - 49","M",3
2020-04-20,"RJ","40 - 49","F",1
2020-04-20,"RJ","50 - 59","F",2
2020-04-20,"RJ","50 - 59","M",4
2020-04-20,"RJ","60 - 69","F",5
2020-04-20,"RJ","60 - 69","M",8
2020-04-20,"RJ","70 - 79","F",6
2020-04-20,"RJ","70 - 79","M",7
2020-04-20,"RJ","80 - 89","M",5
2020-04-20,"RJ","80 - 89","F",7
2020-04-20,"RJ","90 - 99","M",2
2020-04-20,"RJ","90 - 99","F",4
2020-04-20,"RJ","> 100","M",1
2020-04-21,"RJ","30 - 39","F",1
2020-04-21,"RJ","40 - 49","M",2
2020-04-21,"RJ","50 - 59","M",3
2020-04-21,"RJ","50 - 59","F",1
2020-04-21,"RJ","60 - 69","F",3
2020-04-21,"RJ","60 - 69","M",7
2020-04-21,"RJ","70 - 79","M",4
2020-04-21,"RJ","70 - 79","F",4
2020-04-21,"RJ","80 - 89","F",2
2020-04-21,"RJ","80 - 89","M",1
2020-04-21,"RJ","90 - 99","M",4
2020-04-22,"RJ","60 - 69","M",4
2020-04-22,"RJ","70 - 79","F",3
2020-04-22,"RJ","70 - 79","M",3
2020-04-22,"RJ","80 - 89","F",1
2020-04-22,"RJ","80 - 89","M",1
2020-03-23,"RN","70 - 79","F",1
2020-03-24,"RN","30 - 39","F",1
2020-03-24,"RN","70 - 79","M",1
2020-03-27,"RN","20 - 29","F",1
2020-03-28,"RN","60 - 69","M",1
2020-04-02,"RN","40 - 49","M",1
2020-04-04,"RN","30 - 39","M",1
2020-04-05,"RN","50 - 59","M",1
2020-04-07,"RN","10 - 19","M",1
2020-04-08,"RN","50 - 59","M",1
2020-04-08,"RN","60 - 69","M",1
2020-04-09,"RN","70 - 79","M",1
2020-04-11,"RN","30 - 39","M",1
2020-04-11,"RN","40 - 49","M",1
2020-04-16,"RN","50 - 59","M",1
2020-03-25,"RO","80 - 89","M",1
2020-03-29,"RO","60 - 69","F",1
2020-04-08,"RO","60 - 69","M",1
2020-04-11,"RO","70 - 79","F",1
2020-04-13,"RO","60 - 69","M",1
2020-04-14,"RO","60 - 69","F",1
2020-04-17,"RO","70 - 79","M",1
2020-04-18,"RO","40 - 49","M",1
2020-04-21,"RO","60 - 69","M",1
2020-04-03,"RR","60 - 69","M",1
2020-04-09,"RR","10 - 19","M",1
2020-03-29,"RS","80 - 89","M",1
2020-03-30,"RS","60 - 69","M",2
2020-03-30,"RS","80 - 89","M",1
2020-03-31,"RS","30 - 39","M",1
2020-03-31,"RS","80 - 89","F",1
2020-04-01,"RS","50 - 59","M",1
2020-04-02,"RS","10 - 19","M",1
2020-04-03,"RS","30 - 39","M",1
2020-04-03,"RS","70 - 79","M",2
2020-04-03,"RS","70 - 79","F",1
2020-04-04,"RS","20 - 29","M",1
2020-04-04,"RS","70 - 79","F",1
2020-04-05,"RS","70 - 79","M",1
2020-04-06,"RS","< 9","F",1
2020-04-06,"RS","10 - 19","M",1
2020-04-06,"RS","80 - 89","M",1
2020-04-07,"RS","70 - 79","F",1
2020-04-07,"RS","90 - 99","F",1
2020-04-08,"RS","50 - 59","M",1
2020-04-10,"RS","60 - 69","F",1
2020-04-11,"RS","70 - 79","F",1
2020-04-12,"RS","70 - 79","F",1
2020-04-12,"RS","80 - 89","F",1
2020-04-13,"RS","60 - 69","M",1
2020-04-13,"RS","70 - 79","M",2
2020-04-13,"RS","80 - 89","M",1
2020-04-15,"RS","60 - 69","M",1
2020-04-16,"RS","40 - 49","F",1
2020-04-16,"RS","50 - 59","M",1
2020-04-16,"RS","60 - 69","M",1
2020-04-17,"RS","10 - 19","F",1
2020-04-18,"RS","40 - 49","M",1
2020-04-20,"RS","70 - 79","M",1
2020-04-20,"RS","80 - 89","F",1
2020-04-21,"RS","70 - 79","M",1
2020-04-22,"RS","80 - 89","M",1
2020-03-23,"SC","60 - 69","F",1
2020-03-25,"SC","70 - 79","M",1
2020-03-30,"SC","60 - 69","M",1
2020-03-31,"SC","40 - 49","F",1
2020-03-31,"SC","90 - 99","M",1
2020-04-01,"SC","70 - 79","M",1
2020-04-01,"SC","80 - 89","F",1
2020-04-01,"SC","90 - 99","F",1
2020-04-02,"SC","20 - 29","F",1
2020-04-02,"SC","70 - 79","F",1
2020-04-02,"SC","80 - 89","F",1
2020-04-02,"SC","90 - 99","M",1
2020-04-03,"SC","40 - 49","M",1
2020-04-04,"SC","30 - 39","M",1
2020-04-04,"SC","50 - 59","F",1
2020-04-04,"SC","60 - 69","M",1
2020-04-05,"SC","80 - 89","F",1
2020-04-06,"SC","50 - 59","F",1
2020-04-07,"SC","90 - 99","M",1
2020-04-09,"SC","50 - 59","F",1
2020-04-10,"SC","60 - 69","F",1
2020-04-10,"SC","70 - 79","M",1
2020-04-11,"SC","30 - 39","M",1
2020-04-11,"SC","60 - 69","F",1
2020-04-11,"SC","80 - 89","M",1
2020-04-12,"SC","60 - 69","F",1
2020-04-13,"SC","70 - 79","F",1
2020-04-14,"SC","40 - 49","M",1
2020-04-14,"SC","80 - 89","F",1
2020-04-14,"SC","80 - 89","M",1
2020-04-15,"SC","50 - 59","M",1
2020-04-16,"SC","60 - 69","M",1
2020-04-16,"SC","70 - 79","F",1
2020-04-18,"SC","30 - 39","M",1
2020-04-18,"SC","50 - 59","M",1
2020-04-19,"SC","70 - 79","M",1
2020-04-22,"SC","50 - 59","M",1
2020-04-23,"SC","60 - 69","M",1
2020-04-02,"SE","60 - 69","M",1
2020-04-02,"SE","60 - 69","F",1
2020-04-06,"SE","60 - 69","M",1
2020-03-16,"SP","60 - 69","M",1
2020-03-16,"SP","60 - 69","F",1
2020-03-16,"SP","70 - 79","M",1
2020-03-16,"SP","70 - 79","F",1
2020-03-16,"SP","80 - 89","F",1
2020-03-17,"SP","80 - 89","F",1
2020-03-17,"SP","80 - 89","M",1
2020-03-18,"SP","30 - 39","M",2
2020-03-18,"SP","60 - 69","M",2
2020-03-18,"SP","60 - 69","F",1
2020-03-18,"SP","80 - 89","M",2
2020-03-19,"SP","70 - 79","F",1
2020-03-19,"SP","80 - 89","F",2
2020-03-19,"SP","80 - 89","M",2
2020-03-19,"SP","90 - 99","M",1
2020-03-20,"SP","30 - 39","F",1
2020-03-20,"SP","40 - 49","M",1
2020-03-20,"SP","70 - 79","F",2
2020-03-20,"SP","80 - 89","F",2
2020-03-20,"SP","80 - 89","M",1
2020-03-20,"SP","90 - 99","F",1
2020-03-21,"SP","30 - 39","F",1
2020-03-21,"SP","40 - 49","M",1
2020-03-21,"SP","50 - 59","F",1
2020-03-21,"SP","50 - 59","M",1
2020-03-21,"SP","60 - 69","M",1
2020-03-21,"SP","70 - 79","M",3
2020-03-21,"SP","70 - 79","F",3
2020-03-21,"SP","80 - 89","M",3
2020-03-21,"SP","80 - 89","F",1
2020-03-21,"SP","90 - 99","F",1
2020-03-22,"SP","40 - 49","M",3
2020-03-22,"SP","50 - 59","M",1
2020-03-22,"SP","60 - 69","M",1
2020-03-22,"SP","60 - 69","F",2
2020-03-22,"SP","70 - 79","M",7
2020-03-22,"SP","70 - 79","F",1
2020-03-22,"SP","80 - 89","F",3
2020-03-22,"SP","80 - 89","M",5
2020-03-22,"SP","90 - 99","F",1
2020-03-23,"SP","30 - 39","M",1
2020-03-23,"SP","40 - 49","F",1
2020-03-23,"SP","60 - 69","M",3
2020-03-23,"SP","60 - 69","F",2
2020-03-23,"SP","70 - 79","M",4
2020-03-23,"SP","80 - 89","F",4
2020-03-23,"SP","80 - 89","M",5
2020-03-23,"SP","90 - 99","F",1
2020-03-24,"SP","30 - 39","M",1
2020-03-24,"SP","50 - 59","F",2
2020-03-24,"SP","50 - 59","M",1
2020-03-24,"SP","60 - 69","M",3
2020-03-24,"SP","60 - 69","F",4
2020-03-24,"SP","70 - 79","M",7
2020-03-24,"SP","70 - 79","F",1
2020-03-24,"SP","80 - 89","M",4
2020-03-24,"SP","80 - 89","F",4
2020-03-24,"SP","90 - 99","M",6
2020-03-24,"SP","90 - 99","F",1
2020-03-25,"SP","30 - 39","M",1
2020-03-25,"SP","40 - 49","M",2
2020-03-25,"SP","40 - 49","F",1
2020-03-25,"SP","50 - 59","M",3
2020-03-25,"SP","60 - 69","M",5
2020-03-25,"SP","60 - 69","F",1
2020-03-25,"SP","70 - 79","F",5
2020-03-25,"SP","70 - 79","M",6
2020-03-25,"SP","80 - 89","F",3
2020-03-26,"SP","10 - 19","M",1
2020-03-26,"SP","20 - 29","F",2
2020-03-26,"SP","30 - 39","M",3
2020-03-26,"SP","30 - 39","F",1
2020-03-26,"SP","50 - 59","M",4
2020-03-26,"SP","50 - 59","F",1
2020-03-26,"SP","60 - 69","M",6
2020-03-26,"SP","60 - 69","F",3
2020-03-26,"SP","70 - 79","M",5
2020-03-26,"SP","70 - 79","F",8
2020-03-26,"SP","80 - 89","F",6
2020-03-26,"SP","90 - 99","F",4
2020-03-26,"SP","90 - 99","M",1
2020-03-27,"SP","10 - 19","F",2
2020-03-27,"SP","20 - 29","M",1
2020-03-27,"SP","30 - 39","F",3
2020-03-27,"SP","40 - 49","M",2
2020-03-27,"SP","40 - 49","F",1
2020-03-27,"SP","50 - 59","M",2
2020-03-27,"SP","60 - 69","M",4
2020-03-27,"SP","70 - 79","M",10
2020-03-27,"SP","70 - 79","F",3
2020-03-27,"SP","80 - 89","F",7
2020-03-27,"SP","90 - 99","M",2
2020-03-27,"SP","90 - 99","F",1
2020-03-28,"SP","10 - 19","F",1
2020-03-28,"SP","20 - 29","M",1
2020-03-28,"SP","30 - 39","M",1
2020-03-28,"SP","40 - 49","M",2
2020-03-28,"SP","40 - 49","F",1
2020-03-28,"SP","50 - 59","F",5
2020-03-28,"SP","50 - 59","M",1
2020-03-28,"SP","60 - 69","M",14
2020-03-28,"SP","70 - 79","M",5
2020-03-28,"SP","70 - 79","F",7
2020-03-28,"SP","80 - 89","F",7
2020-03-28,"SP","80 - 89","M",3
2020-03-28,"SP","90 - 99","F",1
2020-03-28,"SP","90 - 99","M",1
2020-03-29,"SP","30 - 39","M",2
2020-03-29,"SP","40 - 49","M",1
2020-03-29,"SP","40 - 49","F",1
2020-03-29,"SP","50 - 59","M",2
2020-03-29,"SP","50 - 59","F",3
2020-03-29,"SP","60 - 69","F",6
2020-03-29,"SP","60 - 69","M",5
2020-03-29,"SP","70 - 79","F",3
2020-03-29,"SP","70 - 79","M",6
2020-03-29,"SP","80 - 89","M",4
2020-03-29,"SP","80 - 89","F",3
2020-03-29,"SP","90 - 99","F",6
2020-03-29,"SP","90 - 99","M",1
2020-03-29,"SP","> 100","M",1
2020-03-30,"SP","10 - 19","F",1
2020-03-30,"SP","30 - 39","M",1
2020-03-30,"SP","40 - 49","M",3
2020-03-30,"SP","40 - 49","F",1
2020-03-30,"SP","50 - 59","M",2
2020-03-30,"SP","50 - 59","F",7
2020-03-30,"SP","60 - 69","M",12
2020-03-30,"SP","60 - 69","F",7
2020-03-30,"SP","70 - 79","F",6
2020-03-30,"SP","70 - 79","M",7
2020-03-30,"SP","80 - 89","F",4
2020-03-30,"SP","80 - 89","M",5
2020-03-30,"SP","90 - 99","M",4
2020-03-30,"SP","90 - 99","F",2
2020-03-31,"SP","40 - 49","F",2
2020-03-31,"SP","40 - 49","M",1
2020-03-31,"SP","50 - 59","M",3
2020-03-31,"SP","50 - 59","F",1
2020-03-31,"SP","60 - 69","M",6
2020-03-31,"SP","60 - 69","F",2
2020-03-31,"SP","70 - 79","F",7
2020-03-31,"SP","70 - 79","M",5
2020-03-31,"SP","80 - 89","F",6
2020-03-31,"SP","80 - 89","M",4
2020-03-31,"SP","90 - 99","M",4
2020-03-31,"SP","90 - 99","F",1
2020-04-01,"SP","20 - 29","M",3
2020-04-01,"SP","30 - 39","F",2
2020-04-01,"SP","30 - 39","M",3
2020-04-01,"SP","40 - 49","F",1
2020-04-01,"SP","40 - 49","M",3
2020-04-01,"SP","50 - 59","M",5
2020-04-01,"SP","50 - 59","F",4
2020-04-01,"SP","60 - 69","M",9
2020-04-01,"SP","60 - 69","F",3
2020-04-01,"SP","70 - 79","M",14
2020-04-01,"SP","70 - 79","F",6
2020-04-01,"SP","80 - 89","F",3
2020-04-01,"SP","80 - 89","M",3
2020-04-01,"SP","90 - 99","M",3
2020-04-01,"SP","90 - 99","F",2
2020-04-02,"SP","20 - 29","F",1
2020-04-02,"SP","30 - 39","F",1
2020-04-02,"SP","30 - 39","M",3
2020-04-02,"SP","40 - 49","M",2
2020-04-02,"SP","40 - 49","F",3
2020-04-02,"SP","50 - 59","M",6
2020-04-02,"SP","50 - 59","F",2
2020-04-02,"SP","60 - 69","F",4
2020-04-02,"SP","60 - 69","M",8
2020-04-02,"SP","70 - 79","M",8
2020-04-02,"SP","70 - 79","F",10
2020-04-02,"SP","80 - 89","F",9
2020-04-02,"SP","80 - 89","M",8
2020-04-02,"SP","90 - 99","F",2
2020-04-02,"SP","90 - 99","M",1
2020-04-03,"SP","10 - 19","F",1
2020-04-03,"SP","30 - 39","F",2
2020-04-03,"SP","40 - 49","F",2
2020-04-03,"SP","40 - 49","M",3
2020-04-03,"SP","50 - 59","F",2
2020-04-03,"SP","50 - 59","M",6
2020-04-03,"SP","60 - 69","F",8
2020-04-03,"SP","60 - 69","M",8
2020-04-03,"SP","70 - 79","F",7
2020-04-03,"SP","70 - 79","M",10
2020-04-03,"SP","80 - 89","M",8
2020-04-03,"SP","80 - 89","F",7
2020-04-03,"SP","90 - 99","F",5
2020-04-03,"SP","90 - 99","M",2
2020-04-04,"SP","20 - 29","F",1
2020-04-04,"SP","30 - 39","F",2
2020-04-04,"SP","40 - 49","M",8
2020-04-04,"SP","40 - 49","F",4
2020-04-04,"SP","50 - 59","F",5
2020-04-04,"SP","50 - 59","M",4
2020-04-04,"SP","60 - 69","M",8
2020-04-04,"SP","60 - 69","F",12
2020-04-04,"SP","70 - 79","M",14
2020-04-04,"SP","70 - 79","F",6
2020-04-04,"SP","80 - 89","M",8
2020-04-04,"SP","80 - 89","F",8
2020-04-04,"SP","90 - 99","F",1
2020-04-04,"SP","90 - 99","M",3
2020-04-05,"SP","10 - 19","M",1
2020-04-05,"SP","10 - 19","F",1
2020-04-05,"SP","30 - 39","F",1
2020-04-05,"SP","30 - 39","M",1
2020-04-05,"SP","40 - 49","M",4
2020-04-05,"SP","40 - 49","F",4
2020-04-05,"SP","50 - 59","M",12
2020-04-05,"SP","50 - 59","F",7
2020-04-05,"SP","60 - 69","F",12
2020-04-05,"SP","60 - 69","M",7
2020-04-05,"SP","70 - 79","M",22
2020-04-05,"SP","70 - 79","F",10
2020-04-05,"SP","80 - 89","M",10
2020-04-05,"SP","80 - 89","F",6
2020-04-05,"SP","90 - 99","F",6
2020-04-05,"SP","90 - 99","M",2
2020-04-06,"SP","20 - 29","M",1
2020-04-06,"SP","30 - 39","M",2
2020-04-06,"SP","30 - 39","F",2
2020-04-06,"SP","40 - 49","M",3
2020-04-06,"SP","40 - 49","F",3
2020-04-06,"SP","50 - 59","M",8
2020-04-06,"SP","50 - 59","F",8
2020-04-06,"SP","60 - 69","F",5
2020-04-06,"SP","60 - 69","M",11
2020-04-06,"SP","70 - 79","M",14
2020-04-06,"SP","70 - 79","F",9
2020-04-06,"SP","80 - 89","M",7
2020-04-06,"SP","80 - 89","F",7
2020-04-06,"SP","90 - 99","F",5
2020-04-06,"SP","90 - 99","M",1
2020-04-07,"SP","20 - 29","F",2
2020-04-07,"SP","20 - 29","M",1
2020-04-07,"SP","30 - 39","M",1
2020-04-07,"SP","40 - 49","M",4
2020-04-07,"SP","40 - 49","F",2
2020-04-07,"SP","50 - 59","F",5
2020-04-07,"SP","50 - 59","M",8
2020-04-07,"SP","60 - 69","M",18
2020-04-07,"SP","60 - 69","F",6
2020-04-07,"SP","70 - 79","M",11
2020-04-07,"SP","70 - 79","F",9
2020-04-07,"SP","80 - 89","F",10
2020-04-07,"SP","80 - 89","M",8
2020-04-07,"SP","90 - 99","F",4
2020-04-07,"SP","90 - 99","M",1
2020-04-08,"SP","10 - 19","M",1
2020-04-08,"SP","10 - 19","F",1
2020-04-08,"SP","20 - 29","M",2
2020-04-08,"SP","30 - 39","M",1
2020-04-08,"SP","30 - 39","F",2
2020-04-08,"SP","40 - 49","M",2
2020-04-08,"SP","40 - 49","F",1
2020-04-08,"SP","50 - 59","M",7
2020-04-08,"SP","50 - 59","F",4
2020-04-08,"SP","60 - 69","F",6
2020-04-08,"SP","60 - 69","M",8
2020-04-08,"SP","70 - 79","M",11
2020-04-08,"SP","70 - 79","F",6
2020-04-08,"SP","80 - 89","M",11
2020-04-08,"SP","80 - 89","F",7
2020-04-08,"SP","90 - 99","F",3
2020-04-08,"SP","90 - 99","M",1
2020-04-09,"SP","30 - 39","F",1
2020-04-09,"SP","40 - 49","M",10
2020-04-09,"SP","50 - 59","M",5
2020-04-09,"SP","50 - 59","F",4
2020-04-09,"SP","60 - 69","M",6
2020-04-09,"SP","60 - 69","F",6
2020-04-09,"SP","70 - 79","M",11
2020-04-09,"SP","70 - 79","F",4
2020-04-09,"SP","80 - 89","F",9
2020-04-09,"SP","80 - 89","M",12
2020-04-09,"SP","90 - 99","F",3
2020-04-09,"SP","> 100","M",1
2020-04-10,"SP","< 9","F",1
2020-04-10,"SP","20 - 29","M",1
2020-04-10,"SP","30 - 39","F",2
2020-04-10,"SP","30 - 39","M",1
2020-04-10,"SP","40 - 49","M",1
2020-04-10,"SP","50 - 59","M",7
2020-04-10,"SP","50 - 59","F",3
2020-04-10,"SP","60 - 69","M",16
2020-04-10,"SP","60 - 69","F",6
2020-04-10,"SP","70 - 79","M",15
2020-04-10,"SP","70 - 79","F",10
2020-04-10,"SP","80 - 89","M",3
2020-04-10,"SP","80 - 89","F",7
2020-04-10,"SP","90 - 99","F",6
2020-04-10,"SP","90 - 99","M",4
2020-04-10,"SP","> 100","F",1
2020-04-11,"SP","20 - 29","M",1
2020-04-11,"SP","30 - 39","M",1
2020-04-11,"SP","30 - 39","F",1
2020-04-11,"SP","40 - 49","M",5
2020-04-11,"SP","40 - 49","F",3
2020-04-11,"SP","50 - 59","F",4
2020-04-11,"SP","50 - 59","M",5
2020-04-11,"SP","60 - 69","M",13
2020-04-11,"SP","60 - 69","F",13
2020-04-11,"SP","70 - 79","F",7
2020-04-11,"SP","70 - 79","M",10
2020-04-11,"SP","80 - 89","M",7
2020-04-11,"SP","80 - 89","F",9
2020-04-11,"SP","90 - 99","F",3
2020-04-11,"SP","90 - 99","M",1
2020-04-11,"SP","> 100","F",1
2020-04-12,"SP","< 9","F",2
2020-04-12,"SP","30 - 39","F",2
2020-04-12,"SP","30 - 39","M",4
2020-04-12,"SP","40 - 49","M",5
2020-04-12,"SP","40 - 49","F",3
2020-04-12,"SP","50 - 59","M",7
2020-04-12,"SP","50 - 59","F",5
2020-04-12,"SP","60 - 69","M",10
2020-04-12,"SP","60 - 69","F",6
2020-04-12,"SP","70 - 79","M",11
2020-04-12,"SP","70 - 79","F",4
2020-04-12,"SP","80 - 89","F",8
2020-04-12,"SP","80 - 89","M",13
2020-04-12,"SP","90 - 99","M",4
2020-04-12,"SP","90 - 99","F",2
2020-04-13,"SP","20 - 29","M",2
2020-04-13,"SP","20 - 29","F",1
2020-04-13,"SP","30 - 39","M",1
2020-04-13,"SP","40 - 49","F",3
2020-04-13,"SP","40 - 49","M",5
2020-04-13,"SP","50 - 59","M",10
2020-04-13,"SP","50 - 59","F",4
2020-04-13,"SP","60 - 69","M",14
2020-04-13,"SP","60 - 69","F",6
2020-04-13,"SP","70 - 79","F",10
2020-04-13,"SP","70 - 79","M",14
2020-04-13,"SP","80 - 89","F",9
2020-04-13,"SP","80 - 89","M",10
2020-04-13,"SP","90 - 99","M",7
2020-04-13,"SP","90 - 99","F",4
2020-04-14,"SP","10 - 19","F",1
2020-04-14,"SP","10 - 19","M",1
2020-04-14,"SP","30 - 39","F",1
2020-04-14,"SP","30 - 39","M",2
2020-04-14,"SP","40 - 49","M",3
2020-04-14,"SP","40 - 49","F",3
2020-04-14,"SP","50 - 59","M",8
2020-04-14,"SP","50 - 59","F",3
2020-04-14,"SP","60 - 69","F",3
2020-04-14,"SP","60 - 69","M",3
2020-04-14,"SP","70 - 79","F",8
2020-04-14,"SP","70 - 79","M",15
2020-04-14,"SP","80 - 89","F",5
2020-04-14,"SP","80 - 89","M",10
2020-04-14,"SP","90 - 99","F",2
2020-04-15,"SP","20 - 29","F",1
2020-04-15,"SP","40 - 49","M",3
2020-04-15,"SP","40 - 49","F",3
2020-04-15,"SP","50 - 59","M",3
2020-04-15,"SP","50 - 59","F",1
2020-04-15,"SP","60 - 69","M",12
2020-04-15,"SP","60 - 69","F",6
2020-04-15,"SP","70 - 79","F",4
2020-04-15,"SP","70 - 79","M",8
2020-04-15,"SP","80 - 89","M",8
2020-04-15,"SP","80 - 89","F",3
2020-04-15,"SP","90 - 99","F",4
2020-04-16,"SP","10 - 19","M",2
2020-04-16,"SP","40 - 49","M",4
2020-04-16,"SP","40 - 49","F",1
2020-04-16,"SP","50 - 59","M",7
2020-04-16,"SP","50 - 59","F",1
2020-04-16,"SP","60 - 69","F",9
2020-04-16,"SP","60 - 69","M",10
2020-04-16,"SP","70 - 79","M",9
2020-04-16,"SP","70 - 79","F",2
2020-04-16,"SP","80 - 89","M",5
2020-04-16,"SP","80 - 89","F",6
2020-04-16,"SP","90 - 99","F",1
2020-04-17,"SP","20 - 29","M",1
2020-04-17,"SP","30 - 39","F",2
2020-04-17,"SP","30 - 39","M",2
2020-04-17,"SP","40 - 49","F",1
2020-04-17,"SP","40 - 49","M",1
2020-04-17,"SP","50 - 59","M",7
2020-04-17,"SP","50 - 59","F",1
2020-04-17,"SP","60 - 69","M",4
2020-04-17,"SP","60 - 69","F",4
2020-04-17,"SP","70 - 79","F",3
2020-04-17,"SP","70 - 79","M",8
2020-04-17,"SP","80 - 89","M",7
2020-04-17,"SP","80 - 89","F",4
2020-04-17,"SP","90 - 99","F",2
2020-04-18,"SP","30 - 39","F",2
2020-04-18,"SP","30 - 39","M",3
2020-04-18,"SP","40 - 49","F",1
2020-04-18,"SP","40 - 49","M",1
2020-04-18,"SP","50 - 59","M",6
2020-04-18,"SP","50 - 59","F",2
2020-04-18,"SP","60 - 69","M",3
2020-04-18,"SP","60 - 69","F",1
2020-04-18,"SP","70 - 79","F",5
2020-04-18,"SP","70 - 79","M",2
2020-04-18,"SP","80 - 89","F",5
2020-04-18,"SP","80 - 89","M",4
2020-04-18,"SP","90 - 99","F",2
2020-04-19,"SP","40 - 49","M",1
2020-04-19,"SP","50 - 59","F",3
2020-04-19,"SP","50 - 59","M",1
2020-04-19,"SP","60 - 69","M",3
2020-04-19,"SP","60 - 69","F",1
2020-04-19,"SP","70 - 79","F",3
2020-04-19,"SP","70 - 79","M",8
2020-04-19,"SP","80 - 89","F",2
2020-04-19,"SP","80 - 89","M",3
2020-04-19,"SP","90 - 99","M",2
2020-04-19,"SP","90 - 99","F",2
2020-04-20,"SP","40 - 49","M",1
2020-04-20,"SP","40 - 49","F",1
2020-04-20,"SP","50 - 59","M",1
2020-04-20,"SP","50 - 59","F",2
2020-04-20,"SP","60 - 69","F",1
2020-04-20,"SP","60 - 69","M",3
2020-04-20,"SP","70 - 79","F",3
2020-04-20,"SP","70 - 79","M",3
2020-04-20,"SP","80 - 89","F",5
2020-04-20,"SP","90 - 99","F",2
2020-04-21,"SP","40 - 49","M",1
2020-04-21,"SP","50 - 59","M",3
2020-04-21,"SP","60 - 69","F",2
2020-04-21,"SP","60 - 69","M",3
2020-04-21,"SP","70 - 79","M",2
2020-04-21,"SP","70 - 79","F",1
2020-04-21,"SP","80 - 89","F",1
2020-04-21,"SP","80 - 89","M",3
2020-04-22,"SP","50 - 59","M",3
2020-04-22,"SP","50 - 59","F",1
2020-04-22,"SP","70 - 79","F",2
2020-04-23,"SP","60 - 69","M",1
2020-04-23,"SP","70 - 79","M",1
2020-04-23,"SP","80 - 89","F",1
2020-04-14,"TO","40 - 49","F",1
